,filename,label,label_str
342,covid-chestxray-dataset/images/88de9d8c39e946abd495b37cd07d89e5-6531-0.jpg,1,COVID-19
104,rsna/0295573e-1bbe-4f14-83c2-32449fa79f10.jpg,0,non-COVID-19
0,rsna/0004cfab-14fd-4e49-80ba-63a80b6bddd6.jpg,0,non-COVID-19
440,rsna/079f6a17-f9ce-48b2-a6dc-2a83eb07edf7.jpg,0,non-COVID-19
0,Figure1-COVID-chestxray-dataset/images/COVID-00001.jpg,1,COVID-19
604,rsna/08f17660-dc61-4a5d-b6fb-10dacc1e20a2.jpg,0,non-COVID-19
160,rsna/05073cbd-ad54-456d-9de6-b468db719b57.jpg,0,non-COVID-19
362,rsna/07120dca-52d2-4c79-84fd-a11f995df2fd.jpg,0,non-COVID-19
158,rsna/04dd9347-6215-4b34-a98f-a73e577aff9d.jpg,0,non-COVID-19
560,rsna/08941080-30dc-449f-a8e1-e6530f4695a2.jpg,0,non-COVID-19
241,covid-chestxray-dataset/images/covid-19-pneumonia-23-day9.jpg,1,COVID-19
258,covid-chestxray-dataset/images/post-intubuation-pneumomediastium-and-pneumothorax-background-covid-19-pneumonia-day7.jpg,1,COVID-19
286,covid-chestxray-dataset/images/covid-19-pneumonia-20.jpg,1,COVID-19
751,rsna/09fab84b-19f3-42e1-9c90-69a49b7b37d6.jpg,0,non-COVID-19
334,covid-chestxray-dataset/images/4-x-day13.jpg,1,COVID-19
47,rsna/01b15f07-1149-4ff8-9756-bc821e41b97c.jpg,0,non-COVID-19
657,rsna/0953df2c-f969-4fa1-a872-022475ecd5ef.jpg,0,non-COVID-19
239,rsna/06327569-4e4f-4fdc-a116-db367c079669.jpg,0,non-COVID-19
87,rsna/020380f8-5c5a-4ded-bdf3-9ce3036945b4.jpg,0,non-COVID-19
91,covid-chestxray-dataset/images/7AF6C1AF-D249-4BD2-8C26-449304105D03.jpeg,1,COVID-19
844,rsna/0ae12060-f38f-43ad-8a88-a06322f920ab.jpg,0,non-COVID-19
1061,rsna/0c5dc7d1-7022-4e46-bc02-ff9999912edd.jpg,0,non-COVID-19
349,rsna/0700bc73-b6e3-412e-9e2f-aa0b83424804.jpg,0,non-COVID-19
85,covid-chestxray-dataset/images/31BA3780-2323-493F-8AED-62081B9C383B.jpeg,1,COVID-19
464,rsna/07d0762b-8d1f-41d9-8ea9-1b6e4097cd33.jpg,0,non-COVID-19
355,rsna/07075b45-c83b-4e9a-971e-4b6c4554a0ef.jpg,0,non-COVID-19
2,rsna/00322d4d-1c29-4943-afc9-b6754be640eb.jpg,0,non-COVID-19
249,covid-chestxray-dataset/images/RX-torace-a-letto-del-paziente-in-unica-proiezione-AP-1-1.jpeg,1,COVID-19
564,rsna/08a09eef-7c20-414d-b36f-bd609dc5c763.jpg,0,non-COVID-19
345,covid-chestxray-dataset/images/AR-1.jpg,1,COVID-19
573,rsna/08af877f-f833-4d4f-b64c-24e014d63311.jpg,0,non-COVID-19
163,rsna/051e6e97-fda7-4b5c-8d5f-084bf3607d22.jpg,0,non-COVID-19
832,rsna/0ac2c2ef-efb4-485c-b63a-69f19f32b704.jpg,0,non-COVID-19
1148,rsna/0daa445f-6b0b-499f-8162-91296e89f61c.jpg,0,non-COVID-19
67,rsna/01e16ddb-682d-4901-b56d-8686c4f9f976.jpg,0,non-COVID-19
360,rsna/071206e7-d4c0-418d-9d06-ef6505ee5316.jpg,0,non-COVID-19
328,rsna/06e09ebb-cb5b-4c30-8d3a-67a6ec34692b.jpg,0,non-COVID-19
553,rsna/08886e85-61de-479a-b2df-99ef3c5d0b05.jpg,0,non-COVID-19
710,rsna/09afc58a-053c-420e-b379-e331aec15a7f.jpg,0,non-COVID-19
81,covid-chestxray-dataset/images/8FDE8DBA-CFBD-4B4C-B1A4-6F36A93B7E87.jpeg,1,COVID-19
280,covid-chestxray-dataset/images/ryct.2020003.fig2-b.png,0,non-COVID-19
245,rsna/063a4fc6-ef5d-4370-8b0b-c2752a4c905c.jpg,0,non-COVID-19
462,rsna/07cb515b-230e-4447-9f1b-d172e7840dd6.jpg,0,non-COVID-19
299,covid-chestxray-dataset/images/wong-0000.jpg,0,non-COVID-19
768,rsna/0a3227d3-c8df-44fc-b1cb-fb0eb743f79f.jpg,0,non-COVID-19
1029,rsna/0c248828-72e2-43cf-8622-b5775c421fb1.jpg,0,non-COVID-19
229,rsna/061bb9bf-13c6-4ea0-bd82-5768fb83dff8.jpg,0,non-COVID-19
26,covid-chestxray-dataset/images/nejmoa2001191_f4.jpeg,1,COVID-19
149,rsna/042bde1a-88c1-4ae5-af0c-1a409e1e09ee.jpg,0,non-COVID-19
291,covid-chestxray-dataset/images/covid-19-pneumonia-38-pa.jpg,1,COVID-19
51,covid-chestxray-dataset/images/covid-19-pneumonia-7-PA.jpg,1,COVID-19
659,rsna/09591753-b569-435e-bd44-a80a3cfc6927.jpg,0,non-COVID-19
387,rsna/073c6a26-29f2-4e61-9c52-7d41f3807cca.jpg,0,non-COVID-19
250,rsna/06420c87-02ee-4315-aa3a-63e911174435.jpg,0,non-COVID-19
527,rsna/08542d41-e606-41df-b08c-9527b531f13f.jpg,0,non-COVID-19
635,rsna/091fa211-36c0-42a4-bd7d-c8bced664d9d.jpg,0,non-COVID-19
807,rsna/0a8ccb49-debc-4e9a-b5dc-eefc3fe909ca.jpg,0,non-COVID-19
506,rsna/082fb468-30f1-43c1-ac04-62d16fdd883b.jpg,0,non-COVID-19
395,rsna/07464097-0781-4632-90ee-39b0e53cd72c.jpg,0,non-COVID-19
676,rsna/0976dbc4-041f-4bb0-9110-3024d0786c8b.jpg,0,non-COVID-19
112,covid-chestxray-dataset/images/all14238-fig-0002-m-d.jpg,1,COVID-19
1125,rsna/0d2bc8b2-2340-4deb-b29c-ae4da8fa5764.jpg,0,non-COVID-19
645,rsna/0934e2a4-10f9-45f2-9729-af674d68118c.jpg,0,non-COVID-19
669,rsna/0965f1e9-2905-40ef-8612-4984e2c7e9ea.jpg,0,non-COVID-19
963,rsna/0bbb1ff7-dba6-4d5b-affe-b3ca0050d965.jpg,0,non-COVID-19
1108,rsna/0cc09b0a-1afc-4492-929e-ac53f15286b6.jpg,0,non-COVID-19
554,rsna/0889b108-8f03-4fef-9ef3-5ddabde15ce7.jpg,0,non-COVID-19
815,rsna/0a9fd225-a33a-47de-849e-156933b21296.jpg,0,non-COVID-19
501,rsna/0821fe84-360a-4924-81c6-b8db9d345709.jpg,0,non-COVID-19
444,rsna/07a750fe-01d7-4d49-96c6-06fc1cba8504.jpg,0,non-COVID-19
224,rsna/0618a5bc-196d-4afc-9ac4-d0aa940c6e03.jpg,0,non-COVID-19
353,rsna/0702a884-c189-4a05-bcf5-dc72f4f406fc.jpg,0,non-COVID-19
473,rsna/07e08ccd-ea26-4cb2-b7ea-a330aff72a3a.jpg,0,non-COVID-19
854,rsna/0af0a3a7-6df3-4217-b24f-cf6fcdc9a3bf.jpg,0,non-COVID-19
393,rsna/0745b403-9006-4534-b28f-0e19ba3ff8e2.jpg,0,non-COVID-19
530,rsna/085a25eb-1ebd-4bf1-b320-7833e7c37553.jpg,0,non-COVID-19
767,rsna/0a2f6cf6-1f45-44c8-bcf0-98a3b466b597.jpg,0,non-COVID-19
493,rsna/0812652c-3d92-4cda-9a06-c9d232e0b96d.jpg,0,non-COVID-19
641,rsna/0927e819-9640-487d-a04e-f5d4732dbe0a.jpg,0,non-COVID-19
234,rsna/06216b5c-c03f-4562-bfec-bec5235943d2.jpg,0,non-COVID-19
831,rsna/0abf8707-def2-4383-9b0d-4b8c122e9af7.jpg,0,non-COVID-19
605,rsna/08f1b734-cd93-42c0-b978-9e1e1021bb55.jpg,0,non-COVID-19
304,covid-chestxray-dataset/images/covid-19-pneumonia-58-prior.jpg,0,non-COVID-19
1,rsna/00313ee0-9eaa-42f4-b0ab-c148ed3241cd.jpg,0,non-COVID-19
331,rsna/06e30df6-253e-4a03-b16e-49305fb0f165.jpg,0,non-COVID-19
223,covid-chestxray-dataset/images/covid-19-pneumonia-evolution-over-a-week-1-day4.jpg,1,COVID-19
966,rsna/0bbe0f92-940f-431a-b8c4-3b371ea7d9aa.jpg,0,non-COVID-19
39,Figure1-COVID-chestxray-dataset/images/COVID-00037.jpg,1,COVID-19
50,rsna/01b9e362-4950-40f5-88fa-7557ac2a45bb.jpg,0,non-COVID-19
455,rsna/07c379f0-8ceb-4ba9-84be-cfbb29de8ba5.jpg,0,non-COVID-19
108,rsna/02c34d5b-16e9-412e-a385-ccd8cbceae16.jpg,0,non-COVID-19
188,covid-chestxray-dataset/images/covid-19-rapidly-progressive-acute-respiratory-distress-syndrome-ards-day-2.jpg,0,non-COVID-19
175,covid-chestxray-dataset/images/cavitating-pneumonia-4-day28-PA.png,0,non-COVID-19
415,rsna/07624954-ac9b-42d4-9de3-9d35a18df062.jpg,0,non-COVID-19
381,rsna/07350f14-199b-4aa1-93ee-062fc3433702.jpg,0,non-COVID-19
399,rsna/074aea8f-d454-4590-9178-3183dbddcf30.jpg,0,non-COVID-19
50,covid-chestxray-dataset/images/covid-19-pneumonia-2.jpg,1,COVID-19
261,covid-chestxray-dataset/images/covid-19-pneumonia-43-day0.jpeg,1,COVID-19
178,rsna/05b91b32-5635-4071-b45d-6a73f8eea918.jpg,0,non-COVID-19
372,rsna/0727efd2-c063-4409-b326-9532f6531a97.jpg,0,non-COVID-19
495,rsna/0817d40c-ca56-43f4-acd0-349e5e2fdc9f.jpg,0,non-COVID-19
363,rsna/071223f2-92fd-40a1-b0d4-30308521ff46.jpg,0,non-COVID-19
99,covid-chestxray-dataset/images/93FE0BB1-022D-4F24-9727-987A07975FFB.jpeg,1,COVID-19
62,rsna/01d1f0be-5216-4af5-b2dc-a160c1c56122.jpg,0,non-COVID-19
479,rsna/07f1ae3f-2482-4c76-8801-bc4895b3f46e.jpg,0,non-COVID-19
276,covid-chestxray-dataset/images/radiol.2020201160.fig3c.jpeg,1,COVID-19
477,rsna/07ed91aa-ef0c-49fa-a691-13efc83f8d7e.jpg,0,non-COVID-19
151,rsna/04616bb0-77ac-4ba0-816f-7ddd96f60713.jpg,0,non-COVID-19
24,rsna/010ccb9f-6d46-4380-af11-84f87397a1b8.jpg,0,non-COVID-19
13,rsna/00a85be6-6eb0-421d-8acf-ff2dc0007e8a.jpg,0,non-COVID-19
5,rsna/00436515-870c-4b36-a041-de91049b9ab4.jpg,0,non-COVID-19
172,covid-chestxray-dataset/images/aspiration-pneumonia-5-day27.jpg,0,non-COVID-19
0,covid-chestxray-dataset/images/auntminnie-a-2020_01_28_23_51_6665_2020_01_28_Vietnam_coronavirus.jpeg,1,COVID-19
199,rsna/05e79372-5e61-4957-bedf-c2c51a0757ad.jpg,0,non-COVID-19
429,rsna/077b3a33-856c-4df6-b036-d16f73898bb4.jpg,0,non-COVID-19
275,covid-chestxray-dataset/images/radiol.2020201160.fig3b.jpeg,1,COVID-19
289,rsna/06a07f16-f6b5-4ae5-8f68-a97131fe4701.jpg,0,non-COVID-19
30,rsna/01538c3b-3de9-4fbb-95a8-732235821bbf.jpg,0,non-COVID-19
644,rsna/09326eb7-f4cb-4d8f-83c6-8ba7fb8b5ac7.jpg,0,non-COVID-19
1113,rsna/0cc66f3f-6bfb-4f99-bbc6-ed28bf3f740c.jpg,0,non-COVID-19
801,rsna/0a825a59-c034-481c-b596-9c7f0bc42c2c.jpg,0,non-COVID-19
620,rsna/090f2c9a-8d1c-4583-98e5-b965a0105c70.jpg,0,non-COVID-19
940,rsna/0b8f8765-0406-447c-b873-7ac5ce8884aa.jpg,0,non-COVID-19
383,rsna/073630e6-3b52-4b41-a14b-bf8bb57e28ea.jpg,0,non-COVID-19
442,rsna/07a16de4-9d4c-4e88-a980-37734b8a4cdd.jpg,0,non-COVID-19
198,covid-chestxray-dataset/images/X-ray_of_cyst_in_pneumocystis_pneumonia_1.jpg,0,non-COVID-19
164,rsna/052e09c0-6747-4f72-8e71-96fcc489043a.jpg,0,non-COVID-19
594,rsna/08e128a5-3d31-45cc-a848-5602123b4ff9.jpg,0,non-COVID-19
133,rsna/03d92597-3e33-4fdf-8db5-a27cf5b8d3eb.jpg,0,non-COVID-19
438,rsna/0798f0c3-bf7d-4f04-bd5e-b119163ea1b0.jpg,0,non-COVID-19
263,covid-chestxray-dataset/images/covid-19-pneumonia-40.jpg,1,COVID-19
95,rsna/021443b8-0e56-4ce2-87e2-53302d8441ca.jpg,0,non-COVID-19
26,rsna/011d6f51-b732-4d45-a84d-90477325ef2d.jpg,0,non-COVID-19
36,rsna/019d950b-dd38-4cf3-a686-527a75728be6.jpg,0,non-COVID-19
352,covid-chestxray-dataset/images/extubation-8.jpg,1,COVID-19
318,rsna/06cf339f-a71a-4177-b950-ae1fdd5f4762.jpg,0,non-COVID-19
1016,rsna/0c153d93-d65b-4d3e-90bc-8b26350e3476.jpg,0,non-COVID-19
182,rsna/05bb6f8d-453b-4e56-ae92-2600e058ba65.jpg,0,non-COVID-19
207,covid-chestxray-dataset/images/legionella-pneumonia-1.png,0,non-COVID-19
1055,rsna/0c523b07-6025-4d80-9de3-f435fd92002a.jpg,0,non-COVID-19
125,rsna/03ab53d0-0a93-43f7-bfb7-4fc5b4db75dc.jpg,0,non-COVID-19
63,covid-chestxray-dataset/images/streptococcus-pneumoniae-pneumonia-1.jpg,0,non-COVID-19
267,covid-chestxray-dataset/images/fff49165-b22d-4bb4-b9d1-d5d62c52436c.annot.original.png,1,COVID-19
297,rsna/06b1975e-066e-4430-bf60-c0a9d82cfdc3.jpg,0,non-COVID-19
162,covid-chestxray-dataset/images/pneumococcal-pneumonia-day35.jpg,0,non-COVID-19
692,rsna/098906c5-cf22-43d3-9f0d-90e88e602090.jpg,0,non-COVID-19
134,covid-chestxray-dataset/images/gr1_lrg-a.jpg,1,COVID-19
154,covid-chestxray-dataset/images/1F6343EE-AFEC-4B7D-97F5-62797EE18767.jpeg,1,COVID-19
496,rsna/081a1f56-6c47-4b80-988a-3d357c977d65.jpg,0,non-COVID-19
939,rsna/0b8e881f-67bc-4021-a02c-0087233e43aa.jpg,0,non-COVID-19
23,Figure1-COVID-chestxray-dataset/images/COVID-00021.jpg,1,COVID-19
977,rsna/0bd68d89-6a56-4b5e-b2f5-1be2d3665f97.jpg,0,non-COVID-19
428,rsna/07798a86-803e-4a25-b1ca-3394ae293be5.jpg,0,non-COVID-19
185,rsna/05c4f636-2c27-4b78-b874-878f499813aa.jpg,0,non-COVID-19
316,rsna/06cc9b59-b8ff-4a6b-9e5b-f127c7c1208d.jpg,0,non-COVID-19
602,rsna/08f095ca-158b-4c84-81c1-8f2cd7e20184.jpg,0,non-COVID-19
17,rsna/00c0b293-48e7-4e16-ac76-9269ba535a62.jpg,0,non-COVID-19
1138,rsna/0d77cf1a-64d4-4f8a-938b-9b838d549090.jpg,0,non-COVID-19
1144,rsna/0d9f8e9e-3a29-472a-8a96-7c792d6f3edf.jpg,0,non-COVID-19
441,rsna/079fa565-0c4e-46a2-9a3c-f6341d97fd5c.jpg,0,non-COVID-19
140,covid-chestxray-dataset/images/5931B64A-7B97-485D-BE60-3F1EA76BC4F0.jpeg,1,COVID-19
595,rsna/08e237d8-7d4d-410f-b48e-1e2817df9aac.jpg,0,non-COVID-19
139,covid-chestxray-dataset/images/171CB377-62FF-4B76-906C-F3787A01CB2E.jpeg,1,COVID-19
226,rsna/06199c4d-5f6f-4736-81b1-07bf5b76bd78.jpg,0,non-COVID-19
1,covid-chestxray-dataset/images/auntminnie-b-2020_01_28_23_51_6665_2020_01_28_Vietnam_coronavirus.jpeg,1,COVID-19
880,rsna/0b202292-a925-4706-963f-28fd16cef0c2.jpg,0,non-COVID-19
304,rsna/06bc1519-c307-4a98-b00b-8329f2ddf615.jpg,0,non-COVID-19
249,rsna/06415658-2590-4c38-a682-81acf9ef9a14.jpg,0,non-COVID-19
351,rsna/07017f27-dee5-4979-8463-48459689cfc3.jpg,0,non-COVID-19
3,covid-chestxray-dataset/images/auntminnie-d-2020_01_28_23_51_6665_2020_01_28_Vietnam_coronavirus.jpeg,1,COVID-19
103,covid-chestxray-dataset/images/E63574A7-4188-4C8D-8D17-9D67A18A1AFA.jpeg,1,COVID-19
437,rsna/0796d0a6-8aa5-4edf-9c82-33523d8da0c2.jpg,0,non-COVID-19
239,covid-chestxray-dataset/images/covid-19-pneumonia-23-day1.jpg,1,COVID-19
1074,rsna/0c8458d8-25e6-44e5-946e-cf729240df59.jpg,0,non-COVID-19
148,covid-chestxray-dataset/images/03BF7561-A9BA-4C3C-B8A0-D3E585F73F3C.jpeg,1,COVID-19
1135,rsna/0d5bc737-03de-4bb8-98a1-45b7180c3e0f.jpg,0,non-COVID-19
217,rsna/0609cacd-b9a6-485f-a6f1-5bb7b88db8dd.jpg,0,non-COVID-19
470,rsna/07d8eecd-8160-4f1f-8e26-d35de039cef6.jpg,0,non-COVID-19
232,rsna/061d0ff4-a611-42ce-b780-1d1eb55e50ab.jpg,0,non-COVID-19
106,rsna/02c2331d-b3fa-4d55-bf86-f0efbd589c86.jpg,0,non-COVID-19
910,rsna/0b5fa34f-5c96-4cc5-becc-317acdff3221.jpg,0,non-COVID-19
2,covid-chestxray-dataset/images/auntminnie-c-2020_01_28_23_51_6665_2020_01_28_Vietnam_coronavirus.jpeg,1,COVID-19
293,covid-chestxray-dataset/images/covid-19-pneumonia-35-1.jpg,1,COVID-19
281,covid-chestxray-dataset/images/ryct.2020003.fig2-c.png,0,non-COVID-19
52,rsna/01be392f-a46d-4aef-a57e-9cd1a80dd47e.jpg,0,non-COVID-19
690,rsna/0986f27b-74ed-4bc7-9595-e40b345cb161.jpg,0,non-COVID-19
270,rsna/067b7ea4-bc57-41d5-ae13-5137f9df5111.jpg,0,non-COVID-19
273,rsna/068ae297-8397-463e-927e-cb6693aeb8b5.jpg,0,non-COVID-19
327,covid-chestxray-dataset/images/16664_1_1.jpg,1,COVID-19
278,rsna/0693cf18-a4e1-408a-a5b2-f4cabfe169d3.jpg,0,non-COVID-19
68,rsna/01e4fd43-4f2c-421f-bd68-c756dceb5742.jpg,0,non-COVID-19
653,rsna/094eed38-9c5b-4042-936d-344ccec4c3cc.jpg,0,non-COVID-19
110,covid-chestxray-dataset/images/all14238-fig-0001-m-b.jpg,1,COVID-19
340,covid-chestxray-dataset/images/88de9d8c39e946abd495b37cd07d89e5-0666-0.jpg,1,COVID-19
106,covid-chestxray-dataset/images/446B2CB6-B572-40AB-B01F-1910CA07086A.jpeg,1,COVID-19
868,rsna/0b01310b-50f4-4d78-992d-bcad614e6d46.jpg,0,non-COVID-19
695,rsna/098c0843-d0f1-4aa3-b593-925d9327e31a.jpg,0,non-COVID-19
406,rsna/0755dd30-bcc6-4f75-9cf9-914962477fca.jpg,0,non-COVID-19
302,covid-chestxray-dataset/images/wong-0004.jpg,0,non-COVID-19
791,rsna/0a66f58c-f98d-41d1-89af-4e0136888e13.jpg,0,non-COVID-19
214,rsna/05ff7ddc-3fb7-4378-ac14-a10a08c64aaf.jpg,0,non-COVID-19
310,covid-chestxray-dataset/images/covid-19-pneumonia-67.jpeg,1,COVID-19
420,rsna/07701659-5766-4828-bb65-27d208a42daf.jpg,0,non-COVID-19
821,rsna/0aac426a-b407-4010-b029-34513b6871a6.jpg,0,non-COVID-19
733,rsna/09d868e6-ad0e-4a55-b8fd-cf46e84dd08b.jpg,0,non-COVID-19
261,rsna/06634f15-9c78-47a1-97eb-f10f4c210765.jpg,0,non-COVID-19
77,rsna/01f3abc2-33c7-4ea2-a599-dc49b76fcfae.jpg,0,non-COVID-19
30,covid-chestxray-dataset/images/ryct.2020200034.fig5-day0.jpeg,1,COVID-19
1036,rsna/0c2e5286-bb2c-427f-98be-8fc3796383d5.jpg,0,non-COVID-19
356,rsna/07075b45-c83b-4e9a-971e-4b6c4554a0ef.jpg,0,non-COVID-19
609,rsna/08f9a388-c195-4b33-8acd-e05d4da14585.jpg,0,non-COVID-19
371,rsna/07264588-d733-40e6-8ff3-97cc7a5ecf0c.jpg,0,non-COVID-19
1028,rsna/0c248828-72e2-43cf-8622-b5775c421fb1.jpg,0,non-COVID-19
97,rsna/02285fa4-35b7-4af6-b88f-3cac45a7f5c8.jpg,0,non-COVID-19
606,rsna/08f1b734-cd93-42c0-b978-9e1e1021bb55.jpg,0,non-COVID-19
59,rsna/01cc7c75-4498-43ab-b650-5553d0507f76.jpg,0,non-COVID-19
12,rsna/009eb222-eabc-4150-8121-d5a6d06b8ebf.jpg,0,non-COVID-19
624,rsna/0916b1f0-5d26-4703-94db-9a6808f287f7.jpg,0,non-COVID-19
837,rsna/0acc499c-802c-47e8-a297-87ea7d971462.jpg,0,non-COVID-19
31,covid-chestxray-dataset/images/ryct.2020200034.fig5-day4.jpeg,1,COVID-19
196,covid-chestxray-dataset/images/pneumocystis-jirovecii-pneumonia-3-3.jpg,0,non-COVID-19
850,rsna/0ae82435-399e-4cf1-9d78-92d1c184178d.jpg,0,non-COVID-19
237,rsna/06250f9d-5ad9-44ca-9283-dbf787e2ad22.jpg,0,non-COVID-19
448,rsna/07afb190-e345-418c-8bd8-ca864b11b6d1.jpg,0,non-COVID-19
616,rsna/0906c2ce-d3a7-43ad-af1b-1dadf70d8cc4.jpg,0,non-COVID-19
566,rsna/08a5a06e-f9a5-4e0d-abd2-e4d8ee005fb7.jpg,0,non-COVID-19
268,covid-chestxray-dataset/images/figure1-5e7c1b8d98c29ab001275405-98.jpeg,1,COVID-19
202,rsna/05eebe4c-bca2-40d4-bb20-54fc60e2bcea.jpg,0,non-COVID-19
188,rsna/05cba281-13bd-4a59-8a93-3278cef10b30.jpg,0,non-COVID-19
215,rsna/06089341-a69b-4777-817b-041be894b436.jpg,0,non-COVID-19
879,rsna/0b1ee3f4-f6e7-4c92-850a-73724e5b7bfc.jpg,0,non-COVID-19
835,rsna/0ac7133f-2b44-44c3-b377-de36af4dbc87.jpg,0,non-COVID-19
90,covid-chestxray-dataset/images/23E99E2E-447C-46E5-8EB2-D35D12473C39.png,1,COVID-19
105,covid-chestxray-dataset/images/5CBC2E94-D358-401E-8928-965CCD965C5C.jpeg,1,COVID-19
155,rsna/049d7317-5a8b-4fc4-b81f-159fe6b45a92.jpg,0,non-COVID-19
336,covid-chestxray-dataset/images/yxppt-2020-02-19_00-51-27_287214-day10.jpg,1,COVID-19
269,covid-chestxray-dataset/images/figure1-5e7c1b8d98c29ab001275405-98-later.jpeg,1,COVID-19
343,rsna/06f35e64-4b8b-404e-933a-c98f0b5614cc.jpg,0,non-COVID-19
183,rsna/05be93e5-70aa-4879-bf06-6c866bde90d7.jpg,0,non-COVID-19
100,rsna/0280a39c-4891-4a7b-8073-710c3f5577a3.jpg,0,non-COVID-19
189,rsna/05cd4a95-8187-41ac-929c-226015cceefb.jpg,0,non-COVID-19
27,covid-chestxray-dataset/images/nejmoa2001191_f5-PA.jpeg,1,COVID-19
591,rsna/08da8f40-b186-473b-9fa3-1caa4ecdc02b.jpg,0,non-COVID-19
364,rsna/07125480-e928-4b5c-aaf2-62dddb1bf2a1.jpg,0,non-COVID-19
318,covid-chestxray-dataset/images/16660_5_1.jpg,0,non-COVID-19
533,rsna/085a6486-c3b3-4ca2-80f1-be07d23e853b.jpg,0,non-COVID-19
5,covid-chestxray-dataset/images/nejmc2001573_f1b.jpeg,1,COVID-19
696,rsna/098cc073-48f8-4cb9-b6fc-4b2cc5d8e081.jpg,0,non-COVID-19
615,rsna/0906c2ce-d3a7-43ad-af1b-1dadf70d8cc4.jpg,0,non-COVID-19
896,rsna/0b46a9e3-2b90-4d9f-8053-bcaa9066f31c.jpg,0,non-COVID-19
681,rsna/097a2839-5587-4bf4-9adb-641d8caa877b.jpg,0,non-COVID-19
797,rsna/0a796f83-f908-4b83-9252-e513d107be2e.jpg,0,non-COVID-19
60,covid-chestxray-dataset/images/ards-secondary-to-tiger-snake-bite.png,0,non-COVID-19
68,covid-chestxray-dataset/images/streptococcus-pneumoniae-pneumonia-temporal-evolution-1-day3.jpg,0,non-COVID-19
633,rsna/091d9bb8-eb0e-48ef-946a-254a4f8f0a0b.jpg,0,non-COVID-19
1160,rsna/0e302d0d-b8c2-4d92-a735-12e843ff89df.jpg,0,non-COVID-19
33,covid-chestxray-dataset/images/ryct.2020200028.fig1a.jpeg,1,COVID-19
182,covid-chestxray-dataset/images/9fdd3c3032296fd04d2cad5d9070d4_jumbo.jpeg,1,COVID-19
718,rsna/09bfe52b-201a-435a-b04f-ada40a64b5b5.jpg,0,non-COVID-19
90,rsna/02099738-7465-4786-b71c-de8cdac477c3.jpg,0,non-COVID-19
1009,rsna/0c0da1cf-9514-4c21-9988-fb53c52528d1.jpg,0,non-COVID-19
610,rsna/08fa5211-04ae-4150-b006-9683187f67d3.jpg,0,non-COVID-19
667,rsna/0964504e-56bf-42b2-bca7-0147fb2c1358.jpg,0,non-COVID-19
700,rsna/098fdba1-4918-40e8-bb74-9945214c8bd5.jpg,0,non-COVID-19
790,rsna/0a66f58c-f98d-41d1-89af-4e0136888e13.jpg,0,non-COVID-19
1073,rsna/0c8199bc-2634-4196-b81b-4732adac9926.jpg,0,non-COVID-19
414,rsna/076149ed-e1a7-4424-b283-18161c95e0e2.jpg,0,non-COVID-19
127,rsna/03ae75b6-45a7-4a68-9871-f07b82b17bf6.jpg,0,non-COVID-19
192,rsna/05d3817a-5535-4e77-8dda-d4412e496c81.jpg,0,non-COVID-19
80,rsna/01fa0f5e-00c3-41cb-b5c7-10600c8633ae.jpg,0,non-COVID-19
374,rsna/072e0dbf-11d7-4c57-8161-10c8e7b2f0bf.jpg,0,non-COVID-19
368,rsna/0717d112-a8e5-46c0-9ba5-902cd9fe8fe1.jpg,0,non-COVID-19
634,rsna/091e90d0-bdb7-4815-935f-5b52b93ddbe6.jpg,0,non-COVID-19
475,rsna/07e91ac7-990f-4318-8da2-732b09764cd8.jpg,0,non-COVID-19
312,rsna/06c50ad5-8ffd-480b-8424-dd38df7ca86c.jpg,0,non-COVID-19
369,rsna/07237396-6757-44e4-b073-c32f33fe6dae.jpg,0,non-COVID-19
1010,rsna/0c0dbae5-b0a7-43b7-a964-11e6bcf40ae9.jpg,0,non-COVID-19
275,rsna/068c876a-d9ee-4a1e-810a-63c8195b27bd.jpg,0,non-COVID-19
546,rsna/08789eee-3b6c-4f3b-b98c-fa8cd25a3ae5.jpg,0,non-COVID-19
109,covid-chestxray-dataset/images/D7AF463C-2369-492D-908D-BE1911CCD74C.jpeg,1,COVID-19
626,rsna/0918aae8-b873-4510-b975-c6e87df90f58.jpg,0,non-COVID-19
709,rsna/09ad8591-5c65-49f5-a297-3ffe33811bb5.jpg,0,non-COVID-19
651,rsna/0949d712-9d3c-424a-99b5-423a598d8b97.jpg,0,non-COVID-19
1044,rsna/0c391e0f-9927-48ce-801f-02eb000f72c3.jpg,0,non-COVID-19
93,covid-chestxray-dataset/images/CD50BA96-6982-4C80-AE7B-5F67ACDBFA56.jpeg,1,COVID-19
717,rsna/09bf9eae-2dbf-4c50-ae08-29fd1257cb89.jpg,0,non-COVID-19
872,rsna/0b0860dc-b2ca-4016-a6eb-3a88ffb5ab2a.jpg,0,non-COVID-19
486,rsna/0803b0fa-c026-40d3-b9b6-43b843d17632.jpg,0,non-COVID-19
161,covid-chestxray-dataset/images/pneumococcal-pneumonia-day7.jpg,0,non-COVID-19
303,rsna/06ba1322-0274-47e0-b7eb-07c11d96360f.jpg,0,non-COVID-19
95,covid-chestxray-dataset/images/6CB4EFC6-68FA-4CD5-940C-BEFA8DAFE9A7.jpeg,1,COVID-19
63,rsna/01d4fa0f-97a0-4522-b0d8-134400db2a3e.jpg,0,non-COVID-19
839,rsna/0ad6376d-b516-41f3-b9ef-9ad8d2dc642e.jpg,0,non-COVID-19
324,covid-chestxray-dataset/images/16672_1_1.jpg,1,COVID-19
255,covid-chestxray-dataset/images/post-intubuation-pneumomediastium-and-pneumothorax-background-covid-19-pneumonia-day1.jpg,1,COVID-19
813,rsna/0a9c4c04-5918-48da-9ba1-b2a3add66ae9.jpg,0,non-COVID-19
197,rsna/05dc3a75-2069-4f66-b5b0-ce7fd9efe60f.jpg,0,non-COVID-19
781,rsna/0a55219b-5303-4490-b173-6039f355db2f.jpg,0,non-COVID-19
786,rsna/0a628951-4482-4d01-a09a-9e590b886cf2.jpg,0,non-COVID-19
396,rsna/074764ba-944c-46ba-b7b4-bc422ff3b7fd.jpg,0,non-COVID-19
262,covid-chestxray-dataset/images/covid-19-pneumonia-43-day2.jpeg,1,COVID-19
193,rsna/05d3b194-78bb-4fe9-aa1c-0f1d76e5641d.jpg,0,non-COVID-19
15,rsna/00aecb01-a116-45a2-956c-08d2fa55433f.jpg,0,non-COVID-19
88,covid-chestxray-dataset/images/1312A392-67A3-4EBF-9319-810CF6DA5EF6.jpeg,1,COVID-19
41,rsna/01a6eaa6-222f-4ea8-9874-bbd89dc1a1ce.jpg,0,non-COVID-19
1111,rsna/0cc48c9c-0576-4d70-abc0-dd8cdc1eb788.jpg,0,non-COVID-19
434,rsna/0790ee1e-70c5-4f8f-9b80-cd10ecfd90f2.jpg,0,non-COVID-19
54,covid-chestxray-dataset/images/covid-19-pneumonia-14-PA.png,1,COVID-19
631,rsna/091d75a8-e23e-4cb8-af67-10cb314077ec.jpg,0,non-COVID-19
503,rsna/082391ac-5057-4479-8abf-12b42afb47ca.jpg,0,non-COVID-19
878,rsna/0b1d5b23-c3ab-41b5-b82d-a16a3d6b5674.jpg,0,non-COVID-19
597,rsna/08e483d6-4e5d-4685-9dfb-d1befb56a31f.jpg,0,non-COVID-19
103,rsna/0294b4aa-5614-4b33-80a4-2c31b639e5b3.jpg,0,non-COVID-19
289,covid-chestxray-dataset/images/covid-19-pneumonia-22-day2-pa.png,1,COVID-19
761,rsna/0a19fb3c-36ef-401b-9deb-77f4f86d5d80.jpg,0,non-COVID-19
329,rsna/06e09ebb-cb5b-4c30-8d3a-67a6ec34692b.jpg,0,non-COVID-19
111,rsna/02ea6b76-4189-47c5-a8bf-70590f84ebd8.jpg,0,non-COVID-19
191,rsna/05d3817a-5535-4e77-8dda-d4412e496c81.jpg,0,non-COVID-19
241,rsna/0637b804-e693-48d1-8716-f7c63ce6162a.jpg,0,non-COVID-19
337,covid-chestxray-dataset/images/yxppt-2020-02-19_00-51-27_287214-day12.jpg,1,COVID-19
359,rsna/070efe1f-2b7a-4585-9e9b-561a4432fa57.jpg,0,non-COVID-19
86,covid-chestxray-dataset/images/F051E018-DAD1-4506-AD43-BE4CA29E960B.jpeg,0,non-COVID-19
126,rsna/03ae75b6-45a7-4a68-9871-f07b82b17bf6.jpg,0,non-COVID-19
623,rsna/09147009-39a9-497a-ac10-a07cf7126d58.jpg,0,non-COVID-19
565,rsna/08a40736-fee3-405f-a326-c1af30e724bc.jpg,0,non-COVID-19
235,rsna/062374a3-6ca1-48d2-aa3c-820053773b54.jpg,0,non-COVID-19
163,covid-chestxray-dataset/images/parapneumonic-effusion-1-PA.png,0,non-COVID-19
552,rsna/08846808-af38-4f0f-a189-d19938ae8efc.jpg,0,non-COVID-19
855,rsna/0af57062-e071-4083-ae38-a6681b101994.jpg,0,non-COVID-19
593,rsna/08dd362a-d27b-47bd-a763-5e07f49f4584.jpg,0,non-COVID-19
458,rsna/07c7047e-1be1-43ba-85bd-75f8d9434757.jpg,0,non-COVID-19
310,rsna/06c3982f-b0a4-4e3a-a85c-564c2e47e472.jpg,0,non-COVID-19
622,rsna/09137a8c-017a-4bc3-8195-1d152b992cd0.jpg,0,non-COVID-19
203,rsna/05eebe4c-bca2-40d4-bb20-54fc60e2bcea.jpg,0,non-COVID-19
747,rsna/09f0d4b9-acf6-4e2d-9a1a-5af5734bd96b.jpg,0,non-COVID-19
1107,rsna/0cbf3284-5b78-4e23-bffd-e546f7e76da9.jpg,0,non-COVID-19
124,rsna/03a9498c-549d-4e7d-800b-e74797f7f625.jpg,0,non-COVID-19
549,rsna/08810d26-6674-4d73-91d5-ecdfdd0a0b42.jpg,0,non-COVID-19
322,rsna/06d5a58d-baf1-4937-bfc3-00db1fb2b1be.jpg,0,non-COVID-19
39,rsna/01a4059c-22f7-4f51-8a27-50aff0b3aeb3.jpg,0,non-COVID-19
702,rsna/0996439a-352a-4c75-bb53-d13759eca6b6.jpg,0,non-COVID-19
111,covid-chestxray-dataset/images/all14238-fig-0001-m-c.jpg,1,COVID-19
170,covid-chestxray-dataset/images/aspiration-pneumonia-5-day3.jpg,0,non-COVID-19
469,rsna/07d8eecd-8160-4f1f-8e26-d35de039cef6.jpg,0,non-COVID-19
402,rsna/074f91b5-e915-4b6f-bdf0-af1ee55ebd9b.jpg,0,non-COVID-19
417,rsna/076c5f9e-787b-417c-8639-07639b581102.jpg,0,non-COVID-19
744,rsna/09eed5c5-e0e9-463c-b6f7-24e2de881287.jpg,0,non-COVID-19
824,rsna/0ab261f9-4eb5-42ab-a9a5-e918904d6356.jpg,0,non-COVID-19
290,covid-chestxray-dataset/images/covid-19-pneumonia-34.png,1,COVID-19
317,covid-chestxray-dataset/images/16660_4_1.jpg,1,COVID-19
79,rsna/01f6bf01-9887-498c-ab11-1d10c6a22221.jpg,0,non-COVID-19
741,rsna/09eb4d2d-ebb1-4eb7-bfbb-038ffb7100ca.jpg,0,non-COVID-19
522,rsna/084db3b9-8b5b-494d-8e81-7b6b98de6287.jpg,0,non-COVID-19
276,rsna/068e882a-df1e-4d62-92a0-9eef12024b01.jpg,0,non-COVID-19
179,rsna/05b970e1-b223-4c17-a6a8-3f78c43c5308.jpg,0,non-COVID-19
135,covid-chestxray-dataset/images/gr1_lrg-b.jpg,1,COVID-19
336,rsna/06edaefa-0bab-4e20-bba9-ee66be0edb12.jpg,0,non-COVID-19
454,rsna/07bc7cbd-b313-47c0-b0eb-89d176a71810.jpg,0,non-COVID-19
260,rsna/06605bfa-0370-4979-a2bd-11173002abd1.jpg,0,non-COVID-19
302,rsna/06b9ac69-9f45-4e7a-ad7b-802e4425ff64.jpg,0,non-COVID-19
848,rsna/0ae738d0-5bdd-4ebf-9c1f-6b10a25be92a.jpg,0,non-COVID-19
7,rsna/006cec2e-6ce2-4549-bffa-eadfcd1e9970.jpg,0,non-COVID-19
378,rsna/073102b7-565c-460a-9b69-13e2f34c4ee9.jpg,0,non-COVID-19
38,Figure1-COVID-chestxray-dataset/images/COVID-00036.jpg,1,COVID-19
490,rsna/080f1469-5384-4678-b0ec-513ae837b583.jpg,0,non-COVID-19
976,rsna/0bcfe7ee-ada5-48de-990b-2a2fd6c6ed15.jpg,0,non-COVID-19
307,rsna/06bca03f-83e3-4847-9e30-57c49851d50b.jpg,0,non-COVID-19
228,rsna/061bb9bf-13c6-4ea0-bd82-5768fb83dff8.jpg,0,non-COVID-19
876,rsna/0b18dcfc-c526-435b-aea8-d8038aa224ef.jpg,0,non-COVID-19
160,covid-chestxray-dataset/images/pneumococcal-pneumonia-day0.jpg,0,non-COVID-19
268,rsna/06737bed-8dc1-47d9-8c30-324282dcc84d.jpg,0,non-COVID-19
603,rsna/08f17660-dc61-4a5d-b6fb-10dacc1e20a2.jpg,0,non-COVID-19
819,rsna/0aa5abc0-7db8-44d4-b3b7-8133787e0862.jpg,0,non-COVID-19
525,rsna/0851e63b-8a7c-4089-afd2-b63c28795669.jpg,0,non-COVID-19
212,rsna/05fe7d73-5c8c-4349-88c4-2071a00d6d81.jpg,0,non-COVID-19
820,rsna/0aa83e7d-e947-46e9-b5ca-a69cc9e5c8fe.jpg,0,non-COVID-19
425,rsna/077780cb-eb05-478f-a7d7-f0576e4c34df.jpg,0,non-COVID-19
833,rsna/0ac2fb38-efab-454a-971e-d8349b8ad28d.jpg,0,non-COVID-19
8,covid-chestxray-dataset/images/lancet-case2b.jpg,1,COVID-19
869,rsna/0b025ff6-4fa0-4302-b02c-fe2069dfa7ce.jpg,0,non-COVID-19
20,Figure1-COVID-chestxray-dataset/images/COVID-00018.jpg,1,COVID-19
179,covid-chestxray-dataset/images/6b44464d-73a7-4cf3-bbb6-ffe7168300e3.annot.original.jpeg,1,COVID-19
221,rsna/061628a9-8a6d-4e01-8f26-b7a6cca2b13d.jpg,0,non-COVID-19
673,rsna/09714ab6-5dce-4ded-94cc-f79a47b4b171.jpg,0,non-COVID-19
35,covid-chestxray-dataset/images/jkms-35-e79-g001-l-b.jpg,1,COVID-19
938,rsna/0b8e881f-67bc-4021-a02c-0087233e43aa.jpg,0,non-COVID-19
1161,rsna/0e302d0d-b8c2-4d92-a735-12e843ff89df.jpg,0,non-COVID-19
224,covid-chestxray-dataset/images/covid-19-pneumonia-evolution-over-a-week-1-day6.jpg,0,non-COVID-19
1143,rsna/0d9b1901-494b-4b0a-a0a4-8f67273c56a7.jpg,0,non-COVID-19
187,covid-chestxray-dataset/images/covid-19-rapidly-progressive-acute-respiratory-distress-syndrome-ards-day-1.jpg,0,non-COVID-19
510,rsna/08307845-ccbd-4616-b8e9-58532a766dbe.jpg,0,non-COVID-19
64,rsna/01d4fa0f-97a0-4522-b0d8-134400db2a3e.jpg,0,non-COVID-19
146,covid-chestxray-dataset/images/covid-19-pneumonia-19.jpg,1,COVID-19
1106,rsna/0cbe5298-68a4-4de0-a693-46eb8e8858ca.jpg,0,non-COVID-19
183,covid-chestxray-dataset/images/covid-19-pneumonia-rapidly-progressive-admission.jpg,0,non-COVID-19
585,rsna/08cf3d00-57e7-49c2-ae30-7994da5cfa86.jpg,0,non-COVID-19
25,rsna/010ccb9f-6d46-4380-af11-84f87397a1b8.jpg,0,non-COVID-19
439,rsna/0798f0c3-bf7d-4f04-bd5e-b119163ea1b0.jpg,0,non-COVID-19
774,rsna/0a46eca3-e577-4c7f-a782-9d54754bf096.jpg,0,non-COVID-19
74,rsna/01f0f4bf-e678-430e-b43d-2968e2c4976c.jpg,0,non-COVID-19
294,rsna/06a7e767-3117-45d3-8921-8501e710ed0a.jpg,0,non-COVID-19
215,covid-chestxray-dataset/images/1.CXRCTThoraximagesofCOVID-19fromSingapore.pdf-003-fig4a.png,1,COVID-19
989,rsna/0bed2d9d-8a11-41d9-b312-41f8c93791f7.jpg,0,non-COVID-19
726,rsna/09cdcb9a-3768-4403-a85e-37a65711aec4.jpg,0,non-COVID-19
663,rsna/095d6b7c-fa53-4f06-90b9-5c5f76038f04.jpg,0,non-COVID-19
611,rsna/08fda39f-ba68-45cc-9bbb-d416b19c6dc2.jpg,0,non-COVID-19
433,rsna/078aecd3-abe5-4a09-9c2c-4b13f852bd41.jpg,0,non-COVID-19
67,covid-chestxray-dataset/images/streptococcus-pneumoniae-pneumonia-temporal-evolution-1-day2.jpg,0,non-COVID-19
157,covid-chestxray-dataset/images/2966893D-5DDF-4B68-9E2B-4979D5956C8E.jpeg,1,COVID-19
55,rsna/01c0b605-0a82-401b-9649-81252304ac45.jpg,0,non-COVID-19
101,covid-chestxray-dataset/images/F4341CE7-73C9-45C6-99C8-8567A5484B63.jpeg,1,COVID-19
177,covid-chestxray-dataset/images/covid-19-pneumonia-30-PA.jpg,1,COVID-19
157,rsna/04d59a79-e659-49ca-8790-511f89ac3e1b.jpg,0,non-COVID-19
213,rsna/05fe7d73-5c8c-4349-88c4-2071a00d6d81.jpg,0,non-COVID-19
431,rsna/077ff78d-27ef-49d4-9e8e-00e458844a3e.jpg,0,non-COVID-19
282,rsna/0695a0d8-d4b6-4dbe-bc04-497897e4516a.jpg,0,non-COVID-19
461,rsna/07c99b1f-cf0c-40da-8ea9-8c5c9cd51189.jpg,0,non-COVID-19
640,rsna/0927bc1e-e1af-4c7e-93c4-7127d366f57d.jpg,0,non-COVID-19
578,rsna/08b76292-b24f-4130-ae4f-3af518a9d5a3.jpg,0,non-COVID-19
168,rsna/056c11ef-e99e-444b-824f-734a32ea40d2.jpg,0,non-COVID-19
537,rsna/0862f2ff-7e56-4cd1-8c26-c3f25a86d257.jpg,0,non-COVID-19
725,rsna/09ca5945-7f34-475b-92fe-33b028e15247.jpg,0,non-COVID-19
255,rsna/065158ed-021d-4d2d-a2e2-79b69a03853d.jpg,0,non-COVID-19
846,rsna/0ae5dcc7-197d-4d59-991a-3b93f3a1e760.jpg,0,non-COVID-19
858,rsna/0afe24ff-259a-4ddd-84b1-8b8ce016345e.jpg,0,non-COVID-19
107,covid-chestxray-dataset/images/80446565-E090-4187-A031-9D3CEAA586C8.jpeg,1,COVID-19
204,rsna/05f42ea0-fa18-47ba-80a7-e070307300bf.jpg,0,non-COVID-19
1017,rsna/0c153d93-d65b-4d3e-90bc-8b26350e3476.jpg,0,non-COVID-19
871,rsna/0b04562b-ea31-455d-a729-106264dc170b.jpg,0,non-COVID-19
1011,rsna/0c0dbae5-b0a7-43b7-a964-11e6bcf40ae9.jpg,0,non-COVID-19
21,covid-chestxray-dataset/images/nCoV-radiol.2020200269.fig1-day7.jpeg,1,COVID-19
857,rsna/0af9ad69-4d76-4de9-b93a-294478a97866.jpg,0,non-COVID-19
205,rsna/05f6eacc-e1a9-4b88-a0ec-f4ab5ba72e93.jpg,0,non-COVID-19
118,covid-chestxray-dataset/images/ciaa199.pdf-001-b.png,1,COVID-19
84,rsna/01fe92f7-ff87-4f9e-9077-e00e670d1b47.jpg,0,non-COVID-19
141,rsna/03f43302-39f0-48a1-ae3d-0c6c611b9302.jpg,0,non-COVID-19
474,rsna/07e257da-ae36-45f1-baa4-5f7ad4e5d86b.jpg,0,non-COVID-19
335,covid-chestxray-dataset/images/yxppt-2020-02-19_00-51-27_287214-day8.jpg,1,COVID-19
722,rsna/09c792bc-56ce-4689-9722-c1d7b507e4af.jpg,0,non-COVID-19
343,covid-chestxray-dataset/images/67d668e570c242404ba82c7cbe2ca8f2-05be-0.jpg,1,COVID-19
35,Figure1-COVID-chestxray-dataset/images/COVID-00033.jpg,1,COVID-19
142,covid-chestxray-dataset/images/7EF28E12-F628-4BEC-A8C5-E6277C2E4F60.png,1,COVID-19
109,rsna/02de2d68-b7f9-428b-ac12-0cb8f56a0145.jpg,0,non-COVID-19
927,rsna/0b7a4fb2-adab-484b-a0f7-23f5111bc745.jpg,0,non-COVID-19
19,Figure1-COVID-chestxray-dataset/images/COVID-00017.jpg,1,COVID-19
446,rsna/07abb49d-c23c-41a5-b38a-b093011b59dd.jpg,0,non-COVID-19
349,covid-chestxray-dataset/images/7-fatal-covid19.jpg,1,COVID-19
757,rsna/0a0f91dc-6015-4342-b809-d19610854a21.jpg,0,non-COVID-19
214,covid-chestxray-dataset/images/1.CXRCTThoraximagesofCOVID-19fromSingapore.pdf-002-fig3b.png,1,COVID-19
264,rsna/06697be9-b1ab-444c-af0d-fd11a053f2b3.jpg,0,non-COVID-19
586,rsna/08d0531a-b5c3-4677-94f1-a48101ed3e06.jpg,0,non-COVID-19
200,covid-chestxray-dataset/images/pneumocystis-carinii-pneumonia-1-PA.jpg,0,non-COVID-19
315,rsna/06cc46b7-50b1-41c1-a406-ccac7a5ac3e2.jpg,0,non-COVID-19
7,covid-chestxray-dataset/images/lancet-case2a.jpg,1,COVID-19
954,rsna/0bae27f3-01d4-4223-adc5-d3264e0d9213.jpg,0,non-COVID-19
893,rsna/0b421aea-6e0f-4faf-a4bf-4a82445d0e35.jpg,0,non-COVID-19
997,rsna/0bf4c667-6fb1-4943-8e6a-f80914cca147.jpg,0,non-COVID-19
758,rsna/0a120828-703c-4273-9d62-317dc92c560e.jpg,0,non-COVID-19
32,rsna/0174c4bb-28f5-41e3-a13f-a396badc18bd.jpg,0,non-COVID-19
590,rsna/08da8f40-b186-473b-9fa3-1caa4ecdc02b.jpg,0,non-COVID-19
40,rsna/01a5594f-e5d4-4f7a-b79d-3f57559fe37b.jpg,0,non-COVID-19
619,rsna/090f0fcb-98c9-4324-9857-3bc2a9cfd4e8.jpg,0,non-COVID-19
22,covid-chestxray-dataset/images/nejmoa2001191_f1-PA.jpeg,1,COVID-19
643,rsna/0930b0aa-25c2-4624-a3fc-9b60ba0b23f4.jpg,0,non-COVID-19
170,rsna/056f6beb-c3c8-4ee3-8db5-d1b50aabf7c9.jpg,0,non-COVID-19
319,rsna/06cf339f-a71a-4177-b950-ae1fdd5f4762.jpg,0,non-COVID-19
613,rsna/0902e0fc-fcf3-40b5-ac04-c3ecc14c2355.jpg,0,non-COVID-19
750,rsna/09f4c4be-0320-4e2c-8e3a-f5fd0a193085.jpg,0,non-COVID-19
115,covid-chestxray-dataset/images/1-s2.0-S1684118220300608-main.pdf-001.jpg,1,COVID-19
123,rsna/03a9498c-549d-4e7d-800b-e74797f7f625.jpg,0,non-COVID-19
584,rsna/08cf13be-3988-4a73-b5b6-b9b09e1daab8.jpg,0,non-COVID-19
492,rsna/080f2b35-fcd5-473e-864b-a7dea3054cc7.jpg,0,non-COVID-19
12,Figure1-COVID-chestxray-dataset/images/COVID-00012.jpg,1,COVID-19
466,rsna/07d45be8-4344-473d-b377-26354b64078e.jpg,0,non-COVID-19
632,rsna/091d75a8-e23e-4cb8-af67-10cb314077ec.jpg,0,non-COVID-19
689,rsna/0985fbca-8311-4a6a-9d74-7dca4dce2521.jpg,0,non-COVID-19
345,rsna/06f5a38a-e4b1-4e5f-8c62-f48630a52504.jpg,0,non-COVID-19
325,covid-chestxray-dataset/images/16669_1_1.jpeg,1,COVID-19
220,covid-chestxray-dataset/images/covid-19-pneumonia-evolution-over-a-week-1-day0-PA.jpg,1,COVID-19
97,covid-chestxray-dataset/images/F63AB6CE-1968-4154-A70F-913AF154F53D.jpeg,1,COVID-19
770,rsna/0a35c2fa-9f9e-4157-8deb-8e5d9e69dbc3.jpg,0,non-COVID-19
107,rsna/02c34d5b-16e9-412e-a385-ccd8cbceae16.jpg,0,non-COVID-19
346,covid-chestxray-dataset/images/AR-2.jpg,1,COVID-19
256,covid-chestxray-dataset/images/post-intubuation-pneumomediastium-and-pneumothorax-background-covid-19-pneumonia-day6-1.jpg,1,COVID-19
91,rsna/02099738-7465-4786-b71c-de8cdac477c3.jpg,0,non-COVID-19
621,rsna/09137a8c-017a-4bc3-8195-1d152b992cd0.jpg,0,non-COVID-19
82,rsna/01fdfd88-7607-48b9-ba05-a36e8b6fd19b.jpg,0,non-COVID-19
292,rsna/06a4f477-34ca-4625-945b-81bfa9e77273.jpg,0,non-COVID-19
223,rsna/061664a4-6a23-4cb2-a0da-0c5712b6e0a6.jpg,0,non-COVID-19
260,covid-chestxray-dataset/images/covid-19-pneumonia-49-day8.jpg,1,COVID-19
114,rsna/0324368b-3c2f-464a-8b1a-f72113718c38.jpg,0,non-COVID-19
341,covid-chestxray-dataset/images/88de9d8c39e946abd495b37cd07d89e5-2ee6-0.jpg,1,COVID-19
1133,rsna/0d5bc737-03de-4bb8-98a1-45b7180c3e0f.jpg,0,non-COVID-19
130,rsna/03cd7a5b-d5d7-40a1-81b1-c4264920530a.jpg,0,non-COVID-19
338,rsna/06efb50a-e30e-4e44-b323-c228c66d80a6.jpg,0,non-COVID-19
452,rsna/07bb7f0d-ef4b-4963-b453-7f9d8c5b7c62.jpg,0,non-COVID-19
799,rsna/0a7b13a9-bcfe-4a99-b699-4c8cf6882f04.jpg,0,non-COVID-19
133,covid-chestxray-dataset/images/1-s2.0-S1684118220300682-main.pdf-003-b2.png,1,COVID-19
924,rsna/0b74faac-00a1-4958-9571-b5f7f9c52179.jpg,0,non-COVID-19
509,rsna/082fd63e-aec4-401a-822b-eb10d98b562c.jpg,0,non-COVID-19
730,rsna/09d2a8d3-3ef9-4e91-8abe-d1c127747905.jpg,0,non-COVID-19
59,covid-chestxray-dataset/images/acute-respiratory-distress-syndrome-ards.jpg,0,non-COVID-19
206,rsna/05f88159-8c6e-4d9a-92a8-a20c6fb2930d.jpg,0,non-COVID-19
684,rsna/0983ae59-b906-4fd5-a810-edfe0580fe3b.jpg,0,non-COVID-19
204,covid-chestxray-dataset/images/pneumocystis-jirovecii-pneumonia-2.jpg,0,non-COVID-19
499,rsna/081e308c-0134-4ba3-b745-f632e37a83a1.jpg,0,non-COVID-19
670,rsna/096783f6-e36c-4625-86bf-4d060a00a3b7.jpg,0,non-COVID-19
322,covid-chestxray-dataset/images/16691_1_1.jpg,1,COVID-19
211,covid-chestxray-dataset/images/1.CXRCTThoraximagesofCOVID-19fromSingapore.pdf-001-fig2a.png,1,COVID-19
96,rsna/0216bae7-3ab6-4857-8cc1-3afe8dab3964.jpg,0,non-COVID-19
283,covid-chestxray-dataset/images/covid-19-pneumonia-8.jpg,1,COVID-19
1157,rsna/0e0cfa1a-c097-47bb-bf4b-6b9362940705.jpg,0,non-COVID-19
296,covid-chestxray-dataset/images/covid-19-pneumonia-41-day-2.jpg,1,COVID-19
478,rsna/07ef6836-c643-4708-8bca-85b9cd2bb57e.jpg,0,non-COVID-19
375,rsna/072e7048-52f1-4b2b-be08-42e0ca1ba1ee.jpg,0,non-COVID-19
842,rsna/0adec32a-b360-4396-866f-f1abaca047dc.jpg,0,non-COVID-19
705,rsna/09a22f6d-5717-4c48-bf4c-531db698aaac.jpg,0,non-COVID-19
456,rsna/07c5e2ff-fd3a-47c7-936f-33f34d11b41d.jpg,0,non-COVID-19
557,rsna/088d4414-e057-45cb-a206-4dd3bb02dd6c.jpg,0,non-COVID-19
243,rsna/0638709c-d31d-4a59-a9e4-fc408ae36145.jpg,0,non-COVID-19
296,rsna/06adea47-95e2-4423-bd9e-27daf8ed7de0.jpg,0,non-COVID-19
298,covid-chestxray-dataset/images/covid-19-pneumonia-44-day-8.jpeg,1,COVID-19
775,rsna/0a46eca3-e577-4c7f-a782-9d54754bf096.jpg,0,non-COVID-19
308,covid-chestxray-dataset/images/covid-19-pneumonia-58-day-10.jpg,1,COVID-19
783,rsna/0a5a6574-d94d-441f-afe4-115ba66b322e.jpg,0,non-COVID-19
734,rsna/09db0213-0ad3-4062-bc7b-9a82e5a74097.jpg,0,non-COVID-19
562,rsna/089a996e-425c-4311-b473-6948b3eb1060.jpg,0,non-COVID-19
27,rsna/012a5620-d082-4bb8-9b3b-e72d8938000c.jpg,0,non-COVID-19
436,rsna/0793267b-ba31-4f77-bee8-acde7a571231.jpg,0,non-COVID-19
398,rsna/0749e0ce-a84e-49bf-9275-a1ebd9281e3b.jpg,0,non-COVID-19
24,covid-chestxray-dataset/images/nejmoa2001191_f3-PA.jpeg,1,COVID-19
803,rsna/0a828af6-b7c6-4757-88e4-dea54fe6cdc9.jpg,0,non-COVID-19
567,rsna/08a5ff94-633a-4b7a-babe-6f91a324e672.jpg,0,non-COVID-19
666,rsna/0962d39c-572c-4412-a33d-bfc7c66f9bbb.jpg,0,non-COVID-19
847,rsna/0ae6a60a-7657-4fa4-8f64-2aa088c4cd7c.jpg,0,non-COVID-19
209,covid-chestxray-dataset/images/1.CXRCTThoraximagesofCOVID-19fromSingapore.pdf-000-fig1a.png,1,COVID-19
736,rsna/09dc577c-4219-45cc-9d01-6b46978927a7.jpg,0,non-COVID-19
551,rsna/08845a57-ec6b-4efc-b919-6020dc4460b9.jpg,0,non-COVID-19
146,rsna/040a0743-f663-4746-8224-f0e3bacc7ba5.jpg,0,non-COVID-19
763,rsna/0a23debc-fa30-486f-9555-750be017ae75.jpg,0,non-COVID-19
778,rsna/0a4d9634-7ee8-4512-ba83-6ff5e352b2c2.jpg,0,non-COVID-19
559,rsna/0892a3a9-1345-42b3-8412-b930fd9066e5.jpg,0,non-COVID-19
247,rsna/063fed6c-4ecd-4a74-8f0d-c7a906a3afa4.jpg,0,non-COVID-19
132,rsna/03d00867-fe6d-47b5-9a14-3f03f736e69a.jpg,0,non-COVID-19
808,rsna/0a8d486f-1aa6-4fcf-b7be-4bf04fc8628b.jpg,0,non-COVID-19
137,rsna/03edb5ed-9e76-4abe-bc35-7bc95fea7e6a.jpg,0,non-COVID-19
22,rsna/0100515c-5204-4f31-98e0-f35e4b00004a.jpg,0,non-COVID-19
201,rsna/05ee72bf-6d12-4ac5-a47e-f43a7ea52a40.jpg,0,non-COVID-19
142,rsna/0404639a-94b5-40c8-af85-8b0c6a972b01.jpg,0,non-COVID-19
180,covid-chestxray-dataset/images/58cb9263f16e94305c730685358e4e_jumbo.jpeg,1,COVID-19
251,rsna/06420c87-02ee-4315-aa3a-63e911174435.jpg,0,non-COVID-19
526,rsna/08542d41-e606-41df-b08c-9527b531f13f.jpg,0,non-COVID-19
881,rsna/0b2057bc-4c6d-4c90-8975-94c02392e460.jpg,0,non-COVID-19
558,rsna/088d4414-e057-45cb-a206-4dd3bb02dd6c.jpg,0,non-COVID-19
875,rsna/0b18b129-53a3-416c-8559-7a2e9748d2cc.jpg,0,non-COVID-19
468,rsna/07d8975a-76e3-4160-8784-c97e35166271.jpg,0,non-COVID-19
529,rsna/085a25eb-1ebd-4bf1-b320-7833e7c37553.jpg,0,non-COVID-19
662,rsna/095d6b7c-fa53-4f06-90b9-5c5f76038f04.jpg,0,non-COVID-19
407,rsna/075686e1-bfe5-4901-b326-1a082ed6b937.jpg,0,non-COVID-19
753,rsna/0a03fbf6-3c9a-4e2e-89ce-c7629ae43a27.jpg,0,non-COVID-19
890,rsna/0b3d3db8-871d-45a6-a8af-3c76b5b92f1f.jpg,0,non-COVID-19
706,rsna/09a71d45-931c-4089-958d-3eca0f1e303a.jpg,0,non-COVID-19
65,covid-chestxray-dataset/images/streptococcus-pneumoniae-pneumonia-temporal-evolution-1-day0.jpg,0,non-COVID-19
576,rsna/08b1c32d-e070-4a2c-9d75-f41055b7273b.jpg,0,non-COVID-19
290,rsna/06a161ab-2614-455b-b83a-00e6b0c29d69.jpg,0,non-COVID-19
637,rsna/09232852-c9c0-487a-b656-d6fa013b0453.jpg,0,non-COVID-19
743,rsna/09edbe84-9f36-465b-b227-00abd25c9afc.jpg,0,non-COVID-19
873,rsna/0b0b36c6-fa59-4cca-b939-aec774926e48.jpg,0,non-COVID-19
542,rsna/08725d04-9db2-4b52-87fe-6cdb150a4bb3.jpg,0,non-COVID-19
463,rsna/07cdb450-541e-4810-900b-b3b7b9846e8b.jpg,0,non-COVID-19
975,rsna/0bcfe7ee-ada5-48de-990b-2a2fd6c6ed15.jpg,0,non-COVID-19
89,rsna/02051597-8a40-4586-88e1-8e62e421981f.jpg,0,non-COVID-19
712,rsna/09b0df7c-90bc-499d-a7c7-5474199da4e6.jpg,0,non-COVID-19
840,rsna/0ad9934b-bf35-497d-8082-1ecbc955d6de.jpg,0,non-COVID-19
38,rsna/019e035e-2f82-4c66-a198-57422a27925f.jpg,0,non-COVID-19
864,rsna/0b0073e0-9c19-4da4-88f2-b3d2ebc6f1f4.jpg,0,non-COVID-19
887,rsna/0b352cce-b6f8-4130-adfe-38fcc180a952.jpg,0,non-COVID-19
253,covid-chestxray-dataset/images/4e43e48d52c9e2d4c6c1fb9bc1544f_jumbo.jpeg,1,COVID-19
48,covid-chestxray-dataset/images/covid-19-pneumonia-15-PA.jpg,1,COVID-19
140,rsna/03f43232-8362-4a4b-8632-aa336ce7ac08.jpg,0,non-COVID-19
252,rsna/06463240-3dd5-4d64-ad20-0956af60d1a2.jpg,0,non-COVID-19
581,rsna/08c343b6-9dc4-405b-87b3-b6534abcb990.jpg,0,non-COVID-19
967,rsna/0bbe0f92-940f-431a-b8c4-3b371ea7d9aa.jpg,0,non-COVID-19
240,covid-chestxray-dataset/images/covid-19-pneumonia-23-day3.jpg,1,COVID-19
491,rsna/080f2b35-fcd5-473e-864b-a7dea3054cc7.jpg,0,non-COVID-19
358,rsna/070c921f-171c-420c-915b-e49e3f600c38.jpg,0,non-COVID-19
14,rsna/00aecb01-a116-45a2-956c-08d2fa55433f.jpg,0,non-COVID-19
805,rsna/0a897002-2add-44df-90b3-5a17c51a6da4.jpg,0,non-COVID-19
194,rsna/05d4d725-02a2-4c90-8ef8-463217889ba8.jpg,0,non-COVID-19
78,covid-chestxray-dataset/images/E1724330-1866-4581-8CD8-CEC9B8AFEDDE.jpeg,1,COVID-19
189,covid-chestxray-dataset/images/covid-19-rapidly-progressive-acute-respiratory-distress-syndrome-ards-day-3.jpg,0,non-COVID-19
588,rsna/08d8e57a-4835-445b-8c79-8dd31ab17819.jpg,0,non-COVID-19
729,rsna/09d21970-3207-4817-ab35-b26bbfdead9e.jpg,0,non-COVID-19
222,covid-chestxray-dataset/images/covid-19-pneumonia-evolution-over-a-week-1-day3.jpg,1,COVID-19
405,rsna/0754d5a7-fe8b-4a06-a127-66b483e645f4.jpg,0,non-COVID-19
169,covid-chestxray-dataset/images/aspiration-pneumonia-5-day0.jpg,0,non-COVID-19
1084,rsna/0ca3f31a-ace5-4bd2-9900-b152cc212c8e.jpg,0,non-COVID-19
294,covid-chestxray-dataset/images/covid-19-pneumonia-35-2.jpg,1,COVID-19
1086,rsna/0ca8314a-88e7-4661-b5fd-3bdee5fc2616.jpg,0,non-COVID-19
69,covid-chestxray-dataset/images/39EE8E69-5801-48DE-B6E3-BE7D1BCF3092.jpeg,1,COVID-19
505,rsna/08295bd5-d317-467a-acbb-ba3ba9218c9f.jpg,0,non-COVID-19
598,rsna/08e84251-b9cc-47e7-9486-be7becdd1d84.jpg,0,non-COVID-19
1109,rsna/0cc09b0a-1afc-4492-929e-ac53f15286b6.jpg,0,non-COVID-19
92,covid-chestxray-dataset/images/1B734A89-A1BF-49A8-A1D3-66FAFA4FAC5D.jpeg,1,COVID-19
794,rsna/0a72a6fe-0dde-49f0-bb65-d3d73366b83f.jpg,0,non-COVID-19
1051,rsna/0c4c0dd9-1685-48c3-a09e-817816695016.jpg,0,non-COVID-19
511,rsna/08378826-08b5-4853-a607-254a419fbac5.jpg,0,non-COVID-19
173,rsna/0598a87e-6a8a-4439-a6ec-cd3395636b30.jpg,0,non-COVID-19
354,rsna/07045469-bbc4-42ca-a8b9-9c83ef77f704.jpg,0,non-COVID-19
40,Figure1-COVID-chestxray-dataset/images/COVID-00038.jpg,1,COVID-19
40,covid-chestxray-dataset/images/1-s2.0-S0929664620300449-gr2_lrg-a.jpg,1,COVID-19
686,rsna/09852193-d7df-4cce-a616-a536d5de5042.jpg,0,non-COVID-19
309,rsna/06bf9151-5732-4968-b198-f4109676cd55.jpg,0,non-COVID-19
22,Figure1-COVID-chestxray-dataset/images/COVID-00020.jpg,1,COVID-19
321,rsna/06d3f696-82ea-4c71-b162-f18b3e0eeeac.jpg,0,non-COVID-19
607,rsna/08f580ca-6c0e-47ca-9759-851b3c0bb397.jpg,0,non-COVID-19
1091,rsna/0cb05380-5ae8-46de-8585-41b5323d7c65.jpg,0,non-COVID-19
19,covid-chestxray-dataset/images/SARS-10.1148rg.242035193-g04mr34g09c-Fig9c-day27.jpeg,0,non-COVID-19
16,rsna/00c0b293-48e7-4e16-ac76-9269ba535a62.jpg,0,non-COVID-19
1034,rsna/0c294ecf-23d6-4c56-b5e2-0482915cd102.jpg,0,non-COVID-19
882,rsna/0b2057bc-4c6d-4c90-8975-94c02392e460.jpg,0,non-COVID-19
412,rsna/075f24e4-0d8e-4606-8e68-ee5ea0b953b5.jpg,0,non-COVID-19
352,rsna/0702a884-c189-4a05-bcf5-dc72f4f406fc.jpg,0,non-COVID-19
782,rsna/0a578f72-dced-4550-8851-d8005549b724.jpg,0,non-COVID-19
248,covid-chestxray-dataset/images/A7E260CE-8A00-4C5F-A7F5-27336527A981.jpeg,1,COVID-19
308,rsna/06bdaf90-df6a-46ae-ac6d-a4afb7937c8d.jpg,0,non-COVID-19
816,rsna/0a9fd225-a33a-47de-849e-156933b21296.jpg,0,non-COVID-19
277,covid-chestxray-dataset/images/radiol.2020201160.fig3d.jpeg,1,COVID-19
738,rsna/09e68f8e-f07a-4240-93f0-ce1969b46a80.jpg,0,non-COVID-19
185,covid-chestxray-dataset/images/covid-19-pneumonia-rapidly-progressive-3-days.jpg,0,non-COVID-19
1033,rsna/0c294ecf-23d6-4c56-b5e2-0482915cd102.jpg,0,non-COVID-19
685,rsna/098435af-3834-466a-b17a-038ac4f0e464.jpg,0,non-COVID-19
76,rsna/01f3abc2-33c7-4ea2-a599-dc49b76fcfae.jpg,0,non-COVID-19
472,rsna/07dc2fb6-61f3-4d89-aa58-2780fb5f29f2.jpg,0,non-COVID-19
257,covid-chestxray-dataset/images/post-intubuation-pneumomediastium-and-pneumothorax-background-covid-19-pneumonia-day6-2.jpg,1,COVID-19
1152,rsna/0dcc2f61-2c28-4c66-a50c-9728cdab1ed9.jpg,0,non-COVID-19
366,rsna/0716e0cf-3822-406e-bfb2-c064cd471019.jpg,0,non-COVID-19
4,Figure1-COVID-chestxray-dataset/images/COVID-00004.jpg,1,COVID-19
332,covid-chestxray-dataset/images/4-x-day4.jpg,1,COVID-19
277,rsna/068f52ab-c25b-4212-97e7-b6f934fc3b75.jpg,0,non-COVID-19
156,covid-chestxray-dataset/images/2B8649B2-00C4-4233-85D5-1CE240CF233B.jpeg,1,COVID-19
333,covid-chestxray-dataset/images/4-x-day8.jpg,1,COVID-19
58,rsna/01cad8d0-45cd-4603-b099-94055d322310.jpg,0,non-COVID-19
435,rsna/079269e0-96f3-4964-8def-b13bd0aa837a.jpg,0,non-COVID-19
841,rsna/0adcbadd-6b95-4692-bdfb-6a03d51af237.jpg,0,non-COVID-19
1078,rsna/0c89ca38-27ca-4cd0-88cb-18093fdcb04b.jpg,0,non-COVID-19
1169,rsna/0e7d0fc9-9a11-4325-91b2-bb13e40d1f1a.jpg,0,non-COVID-19
828,rsna/0ab601ca-5f86-498f-89ab-73208a353e40.jpg,0,non-COVID-19
136,covid-chestxray-dataset/images/7D2CF6CE-F529-4470-8356-D33FFAF98600.jpeg,1,COVID-19
238,rsna/06250f9d-5ad9-44ca-9283-dbf787e2ad22.jpg,0,non-COVID-19
259,covid-chestxray-dataset/images/covid-19-pneumonia-49-day4.jpg,1,COVID-19
71,rsna/01ef1712-90a6-4946-ad86-fc76b0cf2d3b.jpg,0,non-COVID-19
535,rsna/085f5a19-2746-43e1-a3c7-34ce070d1ad8.jpg,0,non-COVID-19
569,rsna/08ab87a3-886f-4b5a-9818-889337c63d0b.jpg,0,non-COVID-19
159,rsna/0503aac4-3d6d-416c-94d7-16fc3339ee61.jpg,0,non-COVID-19
112,rsna/02ea6b76-4189-47c5-a8bf-70590f84ebd8.jpg,0,non-COVID-19
311,covid-chestxray-dataset/images/covid-19-pneumonia-bilateral.jpg,1,COVID-19
8,Figure1-COVID-chestxray-dataset/images/COVID-00008.jpg,1,COVID-19
865,rsna/0b0073e0-9c19-4da4-88f2-b3d2ebc6f1f4.jpg,0,non-COVID-19
11,covid-chestxray-dataset/images/SARS-10.1148rg.242035193-g04mr34g0-Fig8c-day10.jpeg,0,non-COVID-19
29,covid-chestxray-dataset/images/ryct.2020200034.fig2.jpeg,1,COVID-19
320,rsna/06cfc310-7820-4a81-ac26-67910f7e9ea6.jpg,0,non-COVID-19
614,rsna/0906b366-f454-4c62-88fc-caf7ffb5d36b.jpg,0,non-COVID-19
337,rsna/06ef9df8-ccf3-4086-9115-ecdb99d27df5.jpg,0,non-COVID-19
572,rsna/08ae6c0b-d044-4de2-a410-b3cf8dc65868.jpg,0,non-COVID-19
471,rsna/07daedd9-d1b8-4ff1-b203-24e71326d083.jpg,0,non-COVID-19
427,rsna/0777be71-3ed5-4d03-a073-d34ae7426838.jpg,0,non-COVID-19
225,covid-chestxray-dataset/images/53EC07C9-5CC6-4BE4-9B6F-D7B0D72AAA7E.jpeg,1,COVID-19
314,rsna/06cc46b7-50b1-41c1-a406-ccac7a5ac3e2.jpg,0,non-COVID-19
335,rsna/06ec9278-5144-4b88-87f4-c195bb24857d.jpg,0,non-COVID-19
325,rsna/06d6e209-0bd4-45d4-81b4-4b97546d57fa.jpg,0,non-COVID-19
220,rsna/06155af4-88f1-48b3-8860-27578f1b2e04.jpg,0,non-COVID-19
811,rsna/0a8efdc1-1dff-4d65-8948-c56a5d74a906.jpg,0,non-COVID-19
668,rsna/09653ae4-ae24-4839-a56e-7270d6e51eb7.jpg,0,non-COVID-19
749,rsna/09f3a088-a8cc-4fb5-9f43-c0b150828cc2.jpg,0,non-COVID-19
265,rsna/06697be9-b1ab-444c-af0d-fd11a053f2b3.jpg,0,non-COVID-19
536,rsna/0862f2ff-7e56-4cd1-8c26-c3f25a86d257.jpg,0,non-COVID-19
280,rsna/06951c33-b247-4daf-a087-cc082f83238b.jpg,0,non-COVID-19
1075,rsna/0c8458d8-25e6-44e5-946e-cf729240df59.jpg,0,non-COVID-19
543,rsna/08732533-75c0-45e3-9565-f69307152c23.jpg,0,non-COVID-19
167,covid-chestxray-dataset/images/chlamydia-pneumonia-PA.png,0,non-COVID-19
660,rsna/095aecad-1618-4b23-b7b9-342c25c4666b.jpg,0,non-COVID-19
21,rsna/00f87de5-5fe0-4921-93ea-914d7e683266.jpg,0,non-COVID-19
1166,rsna/0e724a83-c104-4d33-94a5-c7df6174f40f.jpg,0,non-COVID-19
948,rsna/0ba245bb-b2e4-49b1-8c63-576e38470708.jpg,0,non-COVID-19
1131,rsna/0d587b82-827b-4e80-af20-4ee8207700ee.jpg,0,non-COVID-19
14,covid-chestxray-dataset/images/SARS-10.1148rg.242035193-g04mr34g05x-Fig5-day9.jpeg,0,non-COVID-19
996,rsna/0bf44996-58da-4a12-8be1-da5c9b009975.jpg,0,non-COVID-19
978,rsna/0bd68d89-6a56-4b5e-b2f5-1be2d3665f97.jpg,0,non-COVID-19
327,rsna/06df5d57-6f34-43c0-99ad-b9b5f9346cbd.jpg,0,non-COVID-19
384,rsna/0736db5d-1989-4e0f-99c2-c72c7fa90e8e.jpg,0,non-COVID-19
1104,rsna/0cbc601f-91f0-4f86-b780-ffeac24471c7.jpg,0,non-COVID-19
742,rsna/09ec5bb9-ba5c-465e-b0cf-b2acb6ea2cd0.jpg,0,non-COVID-19
42,covid-chestxray-dataset/images/1-s2.0-S0929664620300449-gr2_lrg-c.jpg,1,COVID-19
94,rsna/020fb648-3b1e-404a-a0b4-f25d6b277c1a.jpg,0,non-COVID-19
636,rsna/0922222f-03d6-4346-bf1a-63ed17eb45d3.jpg,0,non-COVID-19
195,covid-chestxray-dataset/images/pneumocystis-jirovecii-pneumonia-3-2.jpg,0,non-COVID-19
291,rsna/06a2ae98-575c-40c3-a32b-d0c80fee06c5.jpg,0,non-COVID-19
777,rsna/0a4b4307-d370-416e-afe5-7c9aeb1d6953.jpg,0,non-COVID-19
1149,rsna/0daa445f-6b0b-499f-8162-91296e89f61c.jpg,0,non-COVID-19
998,rsna/0bf4c667-6fb1-4943-8e6a-f80914cca147.jpg,0,non-COVID-19
457,rsna/07c6955b-57c1-4ba8-8b07-81b333624ed9.jpg,0,non-COVID-19
849,rsna/0ae738d0-5bdd-4ebf-9c1f-6b10a25be92a.jpg,0,non-COVID-19
1130,rsna/0d587b82-827b-4e80-af20-4ee8207700ee.jpg,0,non-COVID-19
18,Figure1-COVID-chestxray-dataset/images/COVID-00016.jpg,1,COVID-19
798,rsna/0a7b0cc8-af04-4d2c-9267-6fdfb05f48f2.jpg,0,non-COVID-19
1008,rsna/0c0da1cf-9514-4c21-9988-fb53c52528d1.jpg,0,non-COVID-19
3,rsna/003d8fa0-6bf1-40ed-b54c-ac657f8495c5.jpg,0,non-COVID-19
83,rsna/01fdfd88-7607-48b9-ba05-a36e8b6fd19b.jpg,0,non-COVID-19
219,covid-chestxray-dataset/images/covid-19-pneumonia-24-day12.jpg,1,COVID-19
99,rsna/024cff3e-86d2-4658-b204-79b94b74b94f.jpg,0,non-COVID-19
370,rsna/0725cf2e-03d2-4e38-90e1-a9a85da37276.jpg,0,non-COVID-19
254,rsna/064c4273-4f62-417e-be2b-c30cd480fa82.jpg,0,non-COVID-19
154,rsna/0499513a-5d48-4cf9-aac8-115e2a52fe1a.jpg,0,non-COVID-19
583,rsna/08cbc4cf-9efb-47e4-a77f-d734e6a273c5.jpg,0,non-COVID-19
42,rsna/01a6eaa6-222f-4ea8-9874-bbd89dc1a1ce.jpg,0,non-COVID-19
51,rsna/01be392f-a46d-4aef-a57e-9cd1a80dd47e.jpg,0,non-COVID-19
665,rsna/09629e2b-7f1e-499c-aab7-2bff196f034b.jpg,0,non-COVID-19
953,rsna/0bae27f3-01d4-4223-adc5-d3264e0d9213.jpg,0,non-COVID-19
563,rsna/089df963-c3c7-499c-afd8-2b0f9224c442.jpg,0,non-COVID-19
618,rsna/090abf67-66f4-413b-ac4a-bfad36e07e1a.jpg,0,non-COVID-19
242,rsna/0638126f-126f-4f53-befe-538ff87597c6.jpg,0,non-COVID-19
528,rsna/08574be9-8e78-4b0c-a317-2dea6ab92d87.jpg,0,non-COVID-19
152,covid-chestxray-dataset/images/figure1-5e75d0940b71e1b702629659-98-right.jpeg,1,COVID-19
524,rsna/0851431b-cad7-436f-acb8-06aed97e5339.jpg,0,non-COVID-19
544,rsna/08769747-d4e5-4532-801d-18e04ff34668.jpg,0,non-COVID-19
81,rsna/01fa0f5e-00c3-41cb-b5c7-10600c8633ae.jpg,0,non-COVID-19
105,rsna/02b20ea4-9c01-48b2-b3b3-5dae20e80095.jpg,0,non-COVID-19
806,rsna/0a8b9570-2684-48e1-b016-e14a6a79cd3e.jpg,0,non-COVID-19
740,rsna/09ea637f-0f6a-427e-8dad-858330a2498e.jpg,0,non-COVID-19
823,rsna/0ab261f9-4eb5-42ab-a9a5-e918904d6356.jpg,0,non-COVID-19
153,covid-chestxray-dataset/images/figure1-5e71be566aa8714a04de3386-98-left.jpeg,1,COVID-19
891,rsna/0b3e4d34-b9d2-42b2-8d4a-08e67098486f.jpg,0,non-COVID-19
298,rsna/06b2f933-3ea2-4477-ac27-18f732d1f4e1.jpg,0,non-COVID-19
897,rsna/0b48e8f1-1f33-47ea-8cd1-1c65ae26ad72.jpg,0,non-COVID-19
64,covid-chestxray-dataset/images/pneumonia-7.jpg,0,non-COVID-19
150,rsna/043cf55e-48db-407e-b8a3-e4b2d45a3131.jpg,0,non-COVID-19
898,rsna/0b494528-53d2-42f5-b9d9-8965b551db52.jpg,0,non-COVID-19
627,rsna/0918aae8-b873-4510-b975-c6e87df90f58.jpg,0,non-COVID-19
132,covid-chestxray-dataset/images/1-s2.0-S1684118220300682-main.pdf-003-b1.png,1,COVID-19
483,rsna/07f8978f-eaac-467e-8ff1-4de731dc441e.jpg,0,non-COVID-19
504,rsna/0824dce4-e0fa-4129-adc8-224c6afa6bc2.jpg,0,non-COVID-19
225,rsna/0618f099-05dd-41d8-bf4d-b5ef8400c2e0.jpg,0,non-COVID-19
401,rsna/074f8729-c5ea-4830-8249-9a04208eab5e.jpg,0,non-COVID-19
556,rsna/088d38bd-2b6b-48cf-9c83-e9e4214a9c28.jpg,0,non-COVID-19
165,rsna/053f237f-c835-4067-8a74-a0b7641bdaca.jpg,0,non-COVID-19
852,rsna/0ae93f35-2954-41a2-a33b-6614f36dd1c3.jpg,0,non-COVID-19
262,rsna/06634f15-9c78-47a1-97eb-f10f4c210765.jpg,0,non-COVID-19
449,rsna/07b24c8e-be16-4d5d-992e-b66e7930a387.jpg,0,non-COVID-19
246,rsna/063f63c9-7e5b-4360-8d19-0060d849fdbc.jpg,0,non-COVID-19
161,rsna/05083068-f4df-464a-b669-3c084ee05f1f.jpg,0,non-COVID-19
1026,rsna/0c1d54d9-0197-40d9-9b07-d99b1e8aa8db.jpg,0,non-COVID-19
28,rsna/012a5620-d082-4bb8-9b3b-e72d8938000c.jpg,0,non-COVID-19
521,rsna/084d42b9-0a43-490d-9a8d-e4d7545c44f5.jpg,0,non-COVID-19
10,covid-chestxray-dataset/images/SARS-10.1148rg.242035193-g04mr34g0-Fig8b-day5.jpeg,0,non-COVID-19
57,rsna/01cad8d0-45cd-4603-b099-94055d322310.jpg,0,non-COVID-19
285,rsna/0697baae-e475-4fa3-ad82-51b319a026cc.jpg,0,non-COVID-19
131,covid-chestxray-dataset/images/1-s2.0-S1684118220300682-main.pdf-002-a2.png,1,COVID-19
53,rsna/01be3fe5-4a91-4c57-9af6-305966a7d0aa.jpg,0,non-COVID-19
883,rsna/0b2057bc-4c6d-4c90-8975-94c02392e460.jpg,0,non-COVID-19
365,rsna/07166637-dcb4-40c0-b553-257690afa9be.jpg,0,non-COVID-19
771,rsna/0a374967-8ef8-4d34-94cc-a06929836723.jpg,0,non-COVID-19
216,rsna/06089341-a69b-4777-817b-041be894b436.jpg,0,non-COVID-19
575,rsna/08b0056b-c563-4b30-9101-2ed685fdad1f.jpg,0,non-COVID-19
57,covid-chestxray-dataset/images/covid-19-pneumonia-12.jpg,1,COVID-19
497,rsna/081a1f56-6c47-4b80-988a-3d357c977d65.jpg,0,non-COVID-19
60,rsna/01cd2ba5-2baf-44b2-bf15-ee57e1ea4599.jpg,0,non-COVID-19
314,covid-chestxray-dataset/images/16660_1_1.jpg,1,COVID-19
732,rsna/09d79f22-df14-4e5a-bc98-7a1d6bcd6965.jpg,0,non-COVID-19
102,rsna/0294b4aa-5614-4b33-80a4-2c31b639e5b3.jpg,0,non-COVID-19
65,rsna/01d72346-4459-4eaa-8a19-d3c92121d17f.jpg,0,non-COVID-19
843,rsna/0adec32a-b360-4396-866f-f1abaca047dc.jpg,0,non-COVID-19
75,covid-chestxray-dataset/images/2C10A413-AABE-4807-8CCE-6A2025594067.jpeg,1,COVID-19
827,rsna/0ab601ca-5f86-498f-89ab-73208a353e40.jpg,0,non-COVID-19
92,rsna/020a16e3-baf9-4cf0-859c-c79b5253d717.jpg,0,non-COVID-19
141,covid-chestxray-dataset/images/C6EA0BE5-B01E-4113-B194-18D956675E25.jpeg,1,COVID-19
330,rsna/06e1a29a-6307-4ec2-902e-b379d39d2101.jpg,0,non-COVID-19
721,rsna/09c48ba8-4f0b-483c-85ec-9246d7cc6177.jpg,0,non-COVID-19
175,rsna/05b5185a-e24a-424e-a62f-4e32c1e5a4b3.jpg,0,non-COVID-19
1092,rsna/0cb05380-5ae8-46de-8585-41b5323d7c65.jpg,0,non-COVID-19
17,covid-chestxray-dataset/images/SARS-10.1148rg.242035193-g04mr34g09a-Fig9a-day17.jpeg,0,non-COVID-19
339,rsna/06efb50a-e30e-4e44-b323-c228c66d80a6.jpg,0,non-COVID-19
502,rsna/08226aab-e8d2-401f-8b8d-1a2a51234c42.jpg,0,non-COVID-19
66,rsna/01dc817c-3cfa-49fe-8662-518edc30652a.jpg,0,non-COVID-19
1150,rsna/0db8b03b-efb4-4a92-9c82-39a5bfecb689.jpg,0,non-COVID-19
284,rsna/0696a98e-35fc-4b3a-b708-4be9cb2b9ab0.jpg,0,non-COVID-19
171,covid-chestxray-dataset/images/aspiration-pneumonia-5-day10.jpg,0,non-COVID-19
39,covid-chestxray-dataset/images/radiol.2020200490.fig3.jpeg,1,COVID-19
656,rsna/0953df2c-f969-4fa1-a872-022475ecd5ef.jpg,0,non-COVID-19
227,rsna/061b44ff-fd22-473d-853f-81da70e14a63.jpg,0,non-COVID-19
116,covid-chestxray-dataset/images/1-s2.0-S1684118220300608-main.pdf-002.jpg,1,COVID-19
838,rsna/0ad17cb4-c693-4ac1-9bfb-8e7660c265a2.jpg,0,non-COVID-19
283,rsna/0695a0d8-d4b6-4dbe-bc04-497897e4516a.jpg,0,non-COVID-19
192,covid-chestxray-dataset/images/covid-19-pneumonia-28.png,1,COVID-19
219,rsna/060c4f8a-f04f-4f46-88fc-3d0b90f3608c.jpg,0,non-COVID-19
413,rsna/075f7167-e5ac-4c3d-954a-33576cb50600.jpg,0,non-COVID-19
874,rsna/0b0bd979-ce90-4ed4-8772-b136515e38c0.jpg,0,non-COVID-19
512,rsna/0837bf4a-b300-4918-b6bd-d67e941bf16a.jpg,0,non-COVID-19
190,rsna/05d16b06-ffb2-40ab-b64a-299448999f72.jpg,0,non-COVID-19
1123,rsna/0cde91a5-9428-4746-8240-f34c720e24cd.jpg,0,non-COVID-19
329,covid-chestxray-dataset/images/ajr.20.23034.pdf-001.png,1,COVID-19
176,rsna/05b7f19b-58ba-423a-89a6-5975679b2e15.jpg,0,non-COVID-19
792,rsna/0a6a5956-58cf-4f17-9e39-7e0d17310f67.jpg,0,non-COVID-19
279,rsna/06941d8e-2034-4503-b8d5-0eb13fc52f75.jpg,0,non-COVID-19
12,covid-chestxray-dataset/images/SARS-10.1148rg.242035193-g04mr34g04a-Fig4a-day7.jpeg,0,non-COVID-19
1015,rsna/0c122fd9-6dc8-4224-baae-812ed5c4bd12.jpg,0,non-COVID-19
532,rsna/085a6486-c3b3-4ca2-80f1-be07d23e853b.jpg,0,non-COVID-19
494,rsna/0812b373-eef7-47a9-a942-0850b004eb1e.jpg,0,non-COVID-19
115,rsna/03249840-0a17-448c-bf41-7e156428ab59.jpg,0,non-COVID-19
484,rsna/07faa92f-6eef-4fbe-b3c6-8a78e1f05216.jpg,0,non-COVID-19
638,rsna/09236f60-57e0-48b3-aede-a885f4dfe1b1.jpg,0,non-COVID-19
100,covid-chestxray-dataset/images/B59DD164-51D5-40DF-A926-6A42DD52EBE8.jpeg,1,COVID-19
270,covid-chestxray-dataset/images/radiol.2020201160.fig2a.jpeg,1,COVID-19
208,rsna/05fa458a-9e6a-4e02-b85c-c8d67c3161cf.jpg,0,non-COVID-19
802,rsna/0a825a59-c034-481c-b596-9c7f0bc42c2c.jpg,0,non-COVID-19
1060,rsna/0c5dc7d1-7022-4e46-bc02-ff9999912edd.jpg,0,non-COVID-19
98,covid-chestxray-dataset/images/2C26F453-AF3B-4517-BB9E-802CF2179543.jpeg,1,COVID-19
488,rsna/0808c4af-9ed6-46e3-a936-2cafb0004e6a.jpg,0,non-COVID-19
116,rsna/03249840-0a17-448c-bf41-7e156428ab59.jpg,0,non-COVID-19
49,rsna/01b9e362-4950-40f5-88fa-7557ac2a45bb.jpg,0,non-COVID-19
694,rsna/0989935f-d8e5-4b59-a72e-077da14ba7f6.jpg,0,non-COVID-19
13,covid-chestxray-dataset/images/SARS-10.1148rg.242035193-g04mr34g04b-Fig4b-day12.jpeg,0,non-COVID-19
646,rsna/093ce867-9a80-4748-83ed-3d81d26b7741.jpg,0,non-COVID-19
674,rsna/097574ff-b999-4c5f-bb7a-3eee6fed02d1.jpg,0,non-COVID-19
287,covid-chestxray-dataset/images/covid-19-pneumonia-22-day1-pa.png,1,COVID-19
37,Figure1-COVID-chestxray-dataset/images/COVID-00035.jpg,1,COVID-19
1079,rsna/0c8b3735-25e3-4628-bb53-8c24e10eec56.jpg,0,non-COVID-19
432,rsna/07888d77-acd2-4e12-9f43-9272ae1cfe9e.jpg,0,non-COVID-19
1037,rsna/0c2e5286-bb2c-427f-98be-8fc3796383d5.jpg,0,non-COVID-19
233,rsna/0620afa3-b2ea-442e-9e4f-c854086ca763.jpg,0,non-COVID-19
118,rsna/035789b1-3736-405d-9910-f8f23c62ae9f.jpg,0,non-COVID-19
265,covid-chestxray-dataset/images/da9e9aac-de8c-44c7-ba57-e7cc8e4caaba.annot.original.jpeg,1,COVID-19
307,covid-chestxray-dataset/images/covid-19-pneumonia-58-day-9.jpg,1,COVID-19
272,covid-chestxray-dataset/images/radiol.2020201160.fig2c.jpeg,1,COVID-19
148,rsna/0425c2d3-5491-42af-8284-a3ee2f3819dc.jpg,0,non-COVID-19
680,rsna/09794a15-ea37-41f8-8a0e-a56a9a93eaa6.jpg,0,non-COVID-19
419,rsna/076eab63-d75d-4272-a5d3-13eae02f2c8f.jpg,0,non-COVID-19
523,rsna/0851431b-cad7-436f-acb8-06aed97e5339.jpg,0,non-COVID-19
306,rsna/06bc1cfe-23a0-43a4-a01b-dfa10314bbb0.jpg,0,non-COVID-19
230,rsna/061ccabd-b0cf-4238-a053-28a1960c1923.jpg,0,non-COVID-19
500,rsna/0821dd8e-16f7-4931-ac86-37a6cb40df84.jpg,0,non-COVID-19
171,rsna/056fb495-574d-4b37-9f89-77b9ced2ef43.jpg,0,non-COVID-19
992,rsna/0bf1767e-263b-443d-935f-489fe858922b.jpg,0,non-COVID-19
482,rsna/07f78db5-7d9a-4ba0-a00f-02c36953020f.jpg,0,non-COVID-19
145,covid-chestxray-dataset/images/5e6dd879fde9502400e58b2f.jpeg,1,COVID-19
259,rsna/065b79b6-9a76-4b92-9417-de09b3d97cd5.jpg,0,non-COVID-19
515,rsna/083a1a20-f642-42e3-b20b-937383f6da3c.jpg,0,non-COVID-19
10,rsna/008c19e8-a820-403a-930a-bc74a4053664.jpg,0,non-COVID-19
379,rsna/07332989-6518-4bd9-96de-f4513948cf4a.jpg,0,non-COVID-19
110,rsna/02e93c9a-c063-4bf2-9fa1-cb26692d58f8.jpg,0,non-COVID-19
688,rsna/09854bb5-4fed-43e2-96cf-8f24ca71cb6e.jpg,0,non-COVID-19
101,rsna/029216c8-ea0d-47bb-88fd-bf611cc5d1fc.jpg,0,non-COVID-19
711,rsna/09b0df7c-90bc-499d-a7c7-5474199da4e6.jpg,0,non-COVID-19
61,rsna/01cfa23b-cc98-43af-a61b-56915f90b7ef.jpg,0,non-COVID-19
818,rsna/0aa43663-a1f3-44cb-8ecc-9b36fbb0d778.jpg,0,non-COVID-19
538,rsna/0864e801-58cb-4df8-b7a8-dd9e32c97178.jpg,0,non-COVID-19
812,rsna/0a97ffca-0d28-47ff-92ea-bf7144a91b66.jpg,0,non-COVID-19
889,rsna/0b3b1768-5926-4084-bed0-ad9ae886d13a.jpg,0,non-COVID-19
561,rsna/0898494b-fa6c-442c-b049-eb974ccee7b3.jpg,0,non-COVID-19
400,rsna/074f8729-c5ea-4830-8249-9a04208eab5e.jpg,0,non-COVID-19
550,rsna/088265f7-0350-4c51-a7fc-99f1ddc89ae1.jpg,0,non-COVID-19
120,rsna/037e59c2-5753-4daa-b74f-856694b81729.jpg,0,non-COVID-19
1137,rsna/0d77cf1a-64d4-4f8a-938b-9b838d549090.jpg,0,non-COVID-19
698,rsna/098e14d4-3205-4c2d-a059-738f830c0aa5.jpg,0,non-COVID-19
678,rsna/097788d4-cb88-4457-8e71-0ca7a3da2216.jpg,0,non-COVID-19
20,rsna/00f08de1-517e-4652-a04f-d1dc9ee48593.jpg,0,non-COVID-19
385,rsna/07391275-3a53-4eb2-bb8e-160e9dc0a3c2.jpg,0,non-COVID-19
264,covid-chestxray-dataset/images/covid-19-pneumonia-42.jpeg,1,COVID-19
198,rsna/05e6c2e5-897d-49d7-a35f-c0fd707a2992.jpg,0,non-COVID-19
423,rsna/07755c77-1391-49f1-8fdb-832082887aec.jpg,0,non-COVID-19
34,Figure1-COVID-chestxray-dataset/images/COVID-00032.jpg,1,COVID-19
570,rsna/08ab87a3-886f-4b5a-9818-889337c63d0b.jpg,0,non-COVID-19
516,rsna/083a65b4-2056-4208-bfdc-26c3fdb0df93.jpg,0,non-COVID-19
655,rsna/0952761e-07c2-441a-bb1b-11bf1b5375c5.jpg,0,non-COVID-19
147,covid-chestxray-dataset/images/kjr-21-e25-g001-l-a.jpg,1,COVID-19
541,rsna/08725d04-9db2-4b52-87fe-6cdb150a4bb3.jpg,0,non-COVID-19
534,rsna/085c8aef-ef57-43c8-a14e-4eb3f252010f.jpg,0,non-COVID-19
1070,rsna/0c77d941-5f63-4e2a-9c1e-4a58043acd55.jpg,0,non-COVID-19
194,covid-chestxray-dataset/images/pneumocystis-jirovecii-pneumonia-3-1.jpg,0,non-COVID-19
719,rsna/09c0e0e5-e269-4d0c-89ea-59d1a77e2097.jpg,0,non-COVID-19
9,covid-chestxray-dataset/images/SARS-10.1148rg.242035193-g04mr34g0-Fig8a-day0.jpeg,0,non-COVID-19
144,rsna/040a0743-f663-4746-8224-f0e3bacc7ba5.jpg,0,non-COVID-19
334,rsna/06ea9b14-2cac-42c6-b3d1-b955feafee23.jpg,0,non-COVID-19
266,rsna/066d9e27-e48f-4453-b1e1-d73c34910722.jpg,0,non-COVID-19
324,rsna/06d6e209-0bd4-45d4-81b4-4b97546d57fa.jpg,0,non-COVID-19
995,rsna/0bf44996-58da-4a12-8be1-da5c9b009975.jpg,0,non-COVID-19
707,rsna/09ac8fc5-e8ed-410e-b167-3abaf28f0e2c.jpg,0,non-COVID-19
166,rsna/053f400c-145d-4770-841c-3ea961bb3644.jpg,0,non-COVID-19
177,rsna/05b91b32-5635-4071-b45d-6a73f8eea918.jpg,0,non-COVID-19
218,covid-chestxray-dataset/images/covid-19-pneumonia-24-day7.jpg,1,COVID-19
836,rsna/0ac789c5-f138-4b5d-9c2e-9ca25de243d8.jpg,0,non-COVID-19
531,rsna/085a6486-c3b3-4ca2-80f1-be07d23e853b.jpg,0,non-COVID-19
309,covid-chestxray-dataset/images/covid-19-pneumonia-mild.JPG,1,COVID-19
754,rsna/0a03fbf6-3c9a-4e2e-89ce-c7629ae43a27.jpg,0,non-COVID-19
173,covid-chestxray-dataset/images/cavitating-pneumonia-4-day0-PA.jpg,0,non-COVID-19
320,covid-chestxray-dataset/images/16654_2_1.jpg,1,COVID-19
617,rsna/0909a8b0-09e7-4a78-9bfb-417a61c6723c.jpg,0,non-COVID-19
211,rsna/05fe70c1-4cc1-42fb-9303-083fd29dac0f.jpg,0,non-COVID-19
861,rsna/0afeabf5-d5a3-454f-a50d-887f0d21106c.jpg,0,non-COVID-19
350,rsna/07015c3f-79d8-4340-9baf-255b2a5418bd.jpg,0,non-COVID-19
29,Figure1-COVID-chestxray-dataset/images/COVID-00027.jpg,1,COVID-19
460,rsna/07c99b1f-cf0c-40da-8ea9-8c5c9cd51189.jpg,0,non-COVID-19
517,rsna/083e7d20-cee0-482e-acb5-029868b78fb8.jpg,0,non-COVID-19
305,covid-chestxray-dataset/images/covid-19-pneumonia-58-day-3.jpg,1,COVID-19
217,covid-chestxray-dataset/images/covid-19-pneumonia-24-day6.jpg,1,COVID-19
144,covid-chestxray-dataset/images/41591_2020_819_Fig1_HTML.webp-day10.png,1,COVID-19
266,covid-chestxray-dataset/images/4ad30bc6-2da0-4f84-bc9b-62acabfd518a.annot.original.png,1,COVID-19
54,rsna/01c09fb1-a917-46ee-8d94-44f844a4eb85.jpg,0,non-COVID-19
267,rsna/066e0d5c-0f47-425c-aa7f-9003c355086b.jpg,0,non-COVID-19
339,covid-chestxray-dataset/images/6b3bdbc31f65230b8cdcc3cef5f8ba8a-40ac-0.jpg,1,COVID-19
29,rsna/014b7b58-f641-4477-8bbc-ae6f337745d6.jpg,0,non-COVID-19
361,rsna/071206e7-d4c0-418d-9d06-ef6505ee5316.jpg,0,non-COVID-19
297,covid-chestxray-dataset/images/covid-19-pneumonia-44-day-0.jpeg,1,COVID-19
382,rsna/073630e6-3b52-4b41-a14b-bf8bb57e28ea.jpg,0,non-COVID-19
122,rsna/03a9498c-549d-4e7d-800b-e74797f7f625.jpg,0,non-COVID-19
421,rsna/07705011-0d7a-46b9-ab51-b4d5f2bd495f.jpg,0,non-COVID-19
661,rsna/095ce5a1-3928-4120-9f15-24162c7f27c7.jpg,0,non-COVID-19
98,rsna/022b7bbd-963b-49ea-afd7-b6b7986da555.jpg,0,non-COVID-19
735,rsna/09dc577c-4219-45cc-9d01-6b46978927a7.jpg,0,non-COVID-19
86,rsna/02002619-3dea-4038-8d4d-458db30ed8de.jpg,0,non-COVID-19
72,rsna/01ef449e-d493-4db2-9162-d83c69f90f40.jpg,0,non-COVID-19
153,rsna/0499513a-5d48-4cf9-aac8-115e2a52fe1a.jpg,0,non-COVID-19
317,rsna/06ce1fa2-986b-4936-82f5-7b06d0d3b4ff.jpg,0,non-COVID-19
787,rsna/0a62df77-7459-4acc-9cca-a62c2cec4b0f.jpg,0,non-COVID-19
1043,rsna/0c391e0f-9927-48ce-801f-02eb000f72c3.jpg,0,non-COVID-19
199,covid-chestxray-dataset/images/pneumocystis-pneumonia-8.jpg,0,non-COVID-19
648,rsna/09460406-b734-43b0-8233-23055dea6dde.jpg,0,non-COVID-19
397,rsna/074767f2-05df-4e74-8ba6-f7fd568f9279.jpg,0,non-COVID-19
31,Figure1-COVID-chestxray-dataset/images/COVID-00029.jpg,1,COVID-19
671,rsna/096a447e-8908-432b-a713-a51d3cd2ae9e.jpg,0,non-COVID-19
647,rsna/0940017e-0dc8-414a-9560-98f13cd58610.jpg,0,non-COVID-19
789,rsna/0a63a331-3e17-4e23-8a9f-f7a4ec850a1b.jpg,0,non-COVID-19
43,rsna/01a7353d-25bb-4ff8-916b-f50dd541dccf.jpg,0,non-COVID-19
697,rsna/098e14d4-3205-4c2d-a059-738f830c0aa5.jpg,0,non-COVID-19
73,rsna/01f0d9cc-f69e-471a-987a-be73a36e18cc.jpg,0,non-COVID-19
32,covid-chestxray-dataset/images/ryct.2020200034.fig5-day7.jpeg,1,COVID-19
862,rsna/0afef50e-63a7-4adf-9bc1-02f73612be56.jpg,0,non-COVID-19
69,rsna/01e800d4-4d8d-4ef5-a40a-f37b923bb7ad.jpg,0,non-COVID-19
825,rsna/0ab261f9-4eb5-42ab-a9a5-e918904d6356.jpg,0,non-COVID-19
793,rsna/0a7162ad-b2bc-4132-b15a-7fdc80957618.jpg,0,non-COVID-19
826,rsna/0ab261f9-4eb5-42ab-a9a5-e918904d6356.jpg,0,non-COVID-19
451,rsna/07b7b9b0-718a-4750-b1f4-5af45c5607f2.jpg,0,non-COVID-19
145,rsna/040a0743-f663-4746-8224-f0e3bacc7ba5.jpg,0,non-COVID-19
568,rsna/08a74d38-bb50-4c38-9e41-7fd0976d428d.jpg,0,non-COVID-19
773,rsna/0a461c5f-08e6-4c86-9ecd-5246e613f8c2.jpg,0,non-COVID-19
26,Figure1-COVID-chestxray-dataset/images/COVID-00024.jpg,1,COVID-19
137,covid-chestxray-dataset/images/FE9F9A5D-2830-46F9-851B-1FF4534959BE.jpeg,1,COVID-19
216,covid-chestxray-dataset/images/1.CXRCTThoraximagesofCOVID-19fromSingapore.pdf-003-fig4b.png,1,COVID-19
236,rsna/0623ea89-c89c-4743-b492-55e398de4c9b.jpg,0,non-COVID-19
746,rsna/09f0ac0a-2933-45fc-a937-c0da67f5fd0d.jpg,0,non-COVID-19
139,rsna/03f075e3-c8e8-4401-882e-645ad489926f.jpg,0,non-COVID-19
20,covid-chestxray-dataset/images/1-s2.0-S0140673620303706-fx1_lrg.jpg,1,COVID-19
664,rsna/095edab1-09c6-4f83-931e-f0a33b77639c.jpg,0,non-COVID-19
587,rsna/08d88a60-146c-49a7-9450-45293024cf46.jpg,0,non-COVID-19
256,rsna/06550cfd-e9d5-415e-bae9-3146329ed9e6.jpg,0,non-COVID-19
658,rsna/09547f4f-c52e-4fd7-8738-0e01e6277034.jpg,0,non-COVID-19
630,rsna/091cc2b7-8ba6-4fce-8ae2-7547117dbddf.jpg,0,non-COVID-19
410,rsna/075ba3ee-9545-4f5b-8d97-e6d0ffd57e3b.jpg,0,non-COVID-19
487,rsna/0808c4af-9ed6-46e3-a936-2cafb0004e6a.jpg,0,non-COVID-19
35,rsna/019ca122-9cdf-4704-b7a9-449c8a1c263e.jpg,0,non-COVID-19
639,rsna/0924465c-dbf3-49b3-97db-a4c49f6010c2.jpg,0,non-COVID-19
195,rsna/05d4d725-02a2-4c90-8ef8-463217889ba8.jpg,0,non-COVID-19
351,covid-chestxray-dataset/images/extubation-4.jpg,1,COVID-19
422,rsna/07752357-2f21-4e42-9015-27886b3d5857.jpg,0,non-COVID-19
649,rsna/09471800-38bb-448e-9a36-5544dd585676.jpg,0,non-COVID-19
388,rsna/073d58b8-b9a1-4d44-ae30-9cea99efa0c9.jpg,0,non-COVID-19
342,rsna/06f35e64-4b8b-404e-933a-c98f0b5614cc.jpg,0,non-COVID-19
206,covid-chestxray-dataset/images/pneumocystis-jiroveci-pneumonia-4-L.png,0,non-COVID-19
96,covid-chestxray-dataset/images/01E392EE-69F9-4E33-BFCE-E5C968654078.jpeg,1,COVID-19
376,rsna/072e7048-52f1-4b2b-be08-42e0ca1ba1ee.jpg,0,non-COVID-19
84,covid-chestxray-dataset/images/F2DE909F-E19C-4900-92F5-8F435B031AC6.jpeg,1,COVID-19
326,rsna/06df5d57-6f34-43c0-99ad-b9b5f9346cbd.jpg,0,non-COVID-19
539,rsna/086b7fd3-3f6e-4701-9da6-921d703fc99d.jpg,0,non-COVID-19
714,rsna/09b2d54e-3a85-4efd-8204-ea73bc70c405.jpg,0,non-COVID-19
888,rsna/0b3b1768-5926-4084-bed0-ad9ae886d13a.jpg,0,non-COVID-19
78,rsna/01f4cd36-caa1-480f-9d8c-92e80cf7b197.jpg,0,non-COVID-19
1089,rsna/0cac94e3-15f2-4657-beae-b508b5e0d176.jpg,0,non-COVID-19
577,rsna/08b1c32d-e070-4a2c-9d75-f41055b7273b.jpg,0,non-COVID-19
282,covid-chestxray-dataset/images/radiol.2020200274.fig3d.png,1,COVID-19
386,rsna/073a77f1-90c5-4b5a-823d-6e1174ecf947.jpg,0,non-COVID-19
341,rsna/06f1d0a2-d8c5-4229-9944-59da85c96b81.jpg,0,non-COVID-19
571,rsna/08ac2f29-e8b4-484e-9394-806ef7bee8ea.jpg,0,non-COVID-19
809,rsna/0a8d486f-1aa6-4fcf-b7be-4bf04fc8628b.jpg,0,non-COVID-19
404,rsna/07534f30-58a1-4043-b70e-156cdfafe1c6.jpg,0,non-COVID-19
9,Figure1-COVID-chestxray-dataset/images/COVID-00009.jpg,1,COVID-19
287,rsna/069cfd47-0169-43e7-89a1-0be0fa24105b.jpg,0,non-COVID-19
61,covid-chestxray-dataset/images/pneumocystis-pneumonia-2-PA.png,0,non-COVID-19
82,covid-chestxray-dataset/images/9C34AF49-E589-44D5-92D3-168B3B04E4A6.jpeg,1,COVID-19
8,rsna/00704310-78a8-4b38-8475-49f4573b2dbb.jpg,0,non-COVID-19
715,rsna/09bd30b6-8b2f-43b0-a40e-3fa32ba5787d.jpg,0,non-COVID-19
120,covid-chestxray-dataset/images/kjr-21-e24-g001-l-a.jpg,1,COVID-19
180,rsna/05b970e1-b223-4c17-a6a8-3f78c43c5308.jpg,0,non-COVID-19
788,rsna/0a62df77-7459-4acc-9cca-a62c2cec4b0f.jpg,0,non-COVID-19
273,covid-chestxray-dataset/images/radiol.2020201160.fig2d.jpeg,1,COVID-19
88,rsna/020380f8-5c5a-4ded-bdf3-9ce3036945b4.jpg,0,non-COVID-19
200,rsna/05ead813-3c04-4e42-a5e1-4ca43294ece9.jpg,0,non-COVID-19
353,covid-chestxray-dataset/images/extubation-13.jpg,1,COVID-19
693,rsna/098906c5-cf22-43d3-9f0d-90e88e602090.jpg,0,non-COVID-19
108,covid-chestxray-dataset/images/7E335538-2F86-424E-A0AB-6397783A38D0.jpeg,1,COVID-19
58,covid-chestxray-dataset/images/acute-respiratory-distress-syndrome-ards-1.jpg,0,non-COVID-19
197,covid-chestxray-dataset/images/pneumocystis-pneumonia-1.jpg,0,non-COVID-19
703,rsna/099abc5b-f471-4e24-90be-f1a4b4428166.jpg,0,non-COVID-19
459,rsna/07c79bc0-131c-48ad-bf12-a386cad3d3a9.jpg,0,non-COVID-19
759,rsna/0a15acdd-248c-47ff-abfc-d33f8a0cf417.jpg,0,non-COVID-19
683,rsna/097df78d-7101-478a-9e33-2748a084e01e.jpg,0,non-COVID-19
394,rsna/07464097-0781-4632-90ee-39b0e53cd72c.jpg,0,non-COVID-19
708,rsna/09ac8fc5-e8ed-410e-b167-3abaf28f0e2c.jpg,0,non-COVID-19
447,rsna/07aeb82e-773b-4498-95c0-fabdf4985bb2.jpg,0,non-COVID-19
85,rsna/02002619-3dea-4038-8d4d-458db30ed8de.jpg,0,non-COVID-19
117,covid-chestxray-dataset/images/ciaa199.pdf-001-a.png,1,COVID-19
286,rsna/0697baae-e475-4fa3-ad82-51b319a026cc.jpg,0,non-COVID-19
19,rsna/00f08de1-517e-4652-a04f-d1dc9ee48593.jpg,0,non-COVID-19
579,rsna/08b9ee23-ff64-4494-b293-5e43f3de3453.jpg,0,non-COVID-19
1167,rsna/0e724a83-c104-4d33-94a5-c7df6174f40f.jpg,0,non-COVID-19
829,rsna/0ab731ef-0580-4a2e-9fa2-29a243b71c86.jpg,0,non-COVID-19
169,rsna/056d6cc6-fb4a-48a5-808b-b775d29a438a.jpg,0,non-COVID-19
592,rsna/08dc2e8b-754a-47ad-97e2-efe6e14fd732.jpg,0,non-COVID-19
31,rsna/016b1f90-bb9a-4d3a-9c38-74af5fffd5b5.jpg,0,non-COVID-19
136,rsna/03e9a70f-3de8-4e13-b3f2-9dd6d75f496d.jpg,0,non-COVID-19
24,Figure1-COVID-chestxray-dataset/images/COVID-00022.jpg,1,COVID-19
158,covid-chestxray-dataset/images/B2D20576-00B7-4519-A415-72DE29C90C34.jpeg,1,COVID-19
9,rsna/00704310-78a8-4b38-8475-49f4573b2dbb.jpg,0,non-COVID-19
765,rsna/0a29f841-b738-499a-bc8e-0589de77ef82.jpg,0,non-COVID-19
257,rsna/06550cfd-e9d5-415e-bae9-3146329ed9e6.jpg,0,non-COVID-19
762,rsna/0a22297d-22e1-4f3f-aa10-edcd220c1cb0.jpg,0,non-COVID-19
333,rsna/06e48d8a-93d5-40c6-b6be-f04378117ac8.jpg,0,non-COVID-19
390,rsna/0742a7f3-5f8e-474b-bd1f-0ba8ba9a6b19.jpg,0,non-COVID-19
28,Figure1-COVID-chestxray-dataset/images/COVID-00026.jpg,1,COVID-19
143,covid-chestxray-dataset/images/41591_2020_819_Fig1_HTML.webp-day5.png,1,COVID-19
130,covid-chestxray-dataset/images/1-s2.0-S1684118220300682-main.pdf-002-a1.png,1,COVID-19
748,rsna/09f314e5-047f-4f7d-87b3-b944e9e566dd.jpg,0,non-COVID-19
344,covid-chestxray-dataset/images/67d668e570c242404ba82c7cbe2ca8f2-0015-0.jpg,1,COVID-19
853,rsna/0aee76d8-e3e0-4150-b645-9a80a2f4208f.jpg,0,non-COVID-19
203,covid-chestxray-dataset/images/pneumocystis-jiroveci-pneumonia-2.png,0,non-COVID-19
1117,rsna/0ccff729-ee71-4a5f-ad01-ce12ab162afa.jpg,0,non-COVID-19
1126,rsna/0d2bc8b2-2340-4deb-b29c-ae4da8fa5764.jpg,0,non-COVID-19
450,rsna/07b7b9b0-718a-4750-b1f4-5af45c5607f2.jpg,0,non-COVID-19
625,rsna/091781dd-be2b-4517-9264-ade2f0c85487.jpg,0,non-COVID-19
348,covid-chestxray-dataset/images/paving.jpg,1,COVID-19
156,rsna/04a6aa6d-bd6d-48b1-822b-21b81c4bdf3a.jpg,0,non-COVID-19
699,rsna/098e14d4-3205-4c2d-a059-738f830c0aa5.jpg,0,non-COVID-19
863,rsna/0affd017-4c75-4cf8-9c30-e33c5d853f11.jpg,0,non-COVID-19
784,rsna/0a5b4860-e6ab-4737-a389-9d0cf7300770.jpg,0,non-COVID-19
119,covid-chestxray-dataset/images/ciaa199.pdf-001-c.png,1,COVID-19
162,rsna/0516bfd6-2004-48bb-bbb5-e44ae173bcbd.jpg,0,non-COVID-19
187,rsna/05c9c22a-fe11-4c93-bcb6-67900893db3b.jpg,0,non-COVID-19
1120,rsna/0cd3f245-763a-4db0-870d-3ee1a3c6bdcb.jpg,0,non-COVID-19
1142,rsna/0d9b1283-fc24-4fd3-a520-bc5d563e13e1.jpg,0,non-COVID-19
416,rsna/076ad555-8eff-4022-9c08-7205c59a75d2.jpg,0,non-COVID-19
520,rsna/084aa98a-91aa-45d8-aa52-4fad8344b0bf.jpg,0,non-COVID-19
23,rsna/01027bc3-dc40-4165-a6c3-d6be2cb7ca34.jpg,0,non-COVID-19
513,rsna/0838fe18-1e25-4d02-8287-7692d2a5bb57.jpg,0,non-COVID-19
489,rsna/08090a05-52ae-42a2-91e4-35dd3a8641da.jpg,0,non-COVID-19
545,rsna/08787bcc-1365-4567-97ef-dc8ad74eda25.jpg,0,non-COVID-19
312,covid-chestxray-dataset/images/16663_1_1.jpg,1,COVID-19
143,rsna/040784f9-bad4-4c22-98d8-b5244637a2c1.jpg,0,non-COVID-19
822,rsna/0ab1a1e1-3fe3-4baa-876b-f66825931486.jpg,0,non-COVID-19
629,rsna/091cc2b7-8ba6-4fce-8ae2-7547117dbddf.jpg,0,non-COVID-19
377,rsna/073102b7-565c-460a-9b69-13e2f34c4ee9.jpg,0,non-COVID-19
303,covid-chestxray-dataset/images/wong-0005.jpg,0,non-COVID-19
403,rsna/074f91b5-e915-4b6f-bdf0-af1ee55ebd9b.jpg,0,non-COVID-19
316,covid-chestxray-dataset/images/16660_3_1.jpg,1,COVID-19
800,rsna/0a80033c-8a64-4810-9ecb-6013f7b0dde9.jpg,0,non-COVID-19
254,covid-chestxray-dataset/images/covid-19-pneumonia-53.jpg,1,COVID-19
253,rsna/064bd2d6-5cc4-4933-957f-c880f44e2de2.jpg,0,non-COVID-19
70,rsna/01ee3bcb-d6a8-4586-b0a5-9647969da07d.jpg,0,non-COVID-19
94,covid-chestxray-dataset/images/85E52EB3-56E9-4D67-82DA-DEA247C82886.jpeg,1,COVID-19
476,rsna/07ec1c73-c77a-4b43-bcc6-96f94cbd32ac.jpg,0,non-COVID-19
202,covid-chestxray-dataset/images/pneumocystis-pneumonia-12.png,0,non-COVID-19
281,rsna/069554dc-f5b0-4947-be4c-873dd6360b5a.jpg,0,non-COVID-19
184,rsna/05bfde5b-5626-4a1d-84c1-ea6ef456d409.jpg,0,non-COVID-19
347,rsna/06fc2885-127a-4274-b20c-554d352ea21b.jpg,0,non-COVID-19
269,rsna/0678ff6a-7402-4065-8566-be18d983fbbf.jpg,0,non-COVID-19
147,rsna/041bf0ac-a841-4c4a-9f91-45f4b3b34671.jpg,0,non-COVID-19
